document,label
"""1초에 UHD 영화 2편 처리""삼성, '최선단 공정' 12나노급 D램 양산",1
"""1초에 UHD 영화 2편 처리""삼성, '최선단 공정' 12나노급 D램 양산",1
"""30GB UHD 영화 2편 1초 만에 처리""…삼성전자, 업계 최선단 12나노급 D램 양...",1
"""30GB UHD 영화 2편 1초 만에 처리""…삼성전자, 업계 최선단 12나노급 D램 양...",1
"""400조 공조 시장 잡아라""…삼성·LG, '지속가능에너지효율' 승부",2
"""400조 공조 시장 잡아라""…삼성·LG, '지속가능에너지효율' 승부",2
"""AI기술로 '무어의 법칙' 한계 극복....삼성전자ㆍ인텔ㆍ퀄컴 등 반도체 기업...",6
"""DDR5 수요 잡는다""삼성전자, 업계 최선단 12나노급 D램 양산",1
"""MS특허권사용삼성에 법인세 113억 부과 잘못""",8
"""RCEP, 아세안 시장 활로 열었다…상표·디자인·특허권활용이 승부수""",8
"""RCEP, 아세안 시장 활로 열었다…상표·디자인·특허권활용이 승부수""",8
"""RCEP, 아세안 시장 활로 열었다…상표·디자인·특허권활용이 승부수""",8
"""UHD 영화 2편 1초 처리""…삼성전자, 업계 최선단 12나노급 D램 양산",1
"""UHD급 영화 2편을 1초에""…삼성전자, 차세대 DDR5 메모리 최초 개발",6
"""가스 누출사고 진상조사·책임자 처벌""삼성전자기흥사업장 사망사고 대책위...",4
"""'갑질'에삼성스마트폰 가격 올랐다""…英서 벌어진소송전",8
"""'갑질'에삼성스마트폰 가격 올랐다""…英서 벌어진소송전",8
"""'갑질'에삼성스마트폰 가격 올랐다""…英서 벌어진소송전",8
"""게임콘솔 사라지고 TV로 대체""…삼성전자실리콘밸리 연구소에서 바라본 미래",5
"""게임콘솔 사라지고 TV로 대체""…삼성전자실리콘밸리 연구소에서 바라본 미래",5
"""경각심 유지"" 평택비정규노동센터, 평택 산단서 '노동안전' 행사 개최",4
"""국고 수십억 들인특허권'줍줍'…이종호 후보자의 부는 정당한가?""(종합)",8
"""국내 미등록특허권사용료에 법인세 부과는 위법""",8
"""국내 미등록특허권사용료에 법인세 부과는 위법""",8
"""급등 주도주 첫 급락..위험관리필요""",7
"""기우제 지내야 할 판"" 가뭄 비상 걸린반도체공장들",3
"""기우제 지내야 할 판"" 가뭄 비상 걸린반도체공장들",3
"""기후산업국제박람회에서탄소중립 이벤트 참여하세요""",1
"""기후산업국제박람회에서탄소중립 이벤트 참여하세요""",1
"""'뉴삼성' 닻 올랐다""…'미래 구상' 나선 이재용, 美서 22일간 누구 만났나",5
"""대세는 AI·서버""삼성, 미세공정 한계 극복한 고성능 D램 내놔",1
"""대세는 AI·서버""삼성, 미세공정 한계 극복한 고성능 D램 내놔",1
"""대세는 AI·서버""삼성, 미세공정 한계 극복한 고성능 D램 내놔",1
"""데이터 연산 성능 2배""삼성전자, 더 똑똑한 스마트SSD 개발",6
"""美 인터디지털·퀄컴, 화웨이 제재에도 '5G 무선통신특허권유지'기대""",8
"""반도체 노동자, 혈액암 사망률 최고 3.68배"" 정부 공식확인",7
"""반도체 노동자, 혈액암 사망률 최고 3.68배"" 정부 공식확인",7
"""버냉키發 쇼크 이틀째 금융시장 강타""",7
"""불산 누출 때삼성전체 사업장 점검했더라면…""",4
"""삼성,노동자질병 인정하라""…반올림의 1002번째 외침(종합)",4
"""삼성,특허권침해했다"" 에릭슨, 美서소송제기",8
"""삼성물산노동자추락사, 이재용 사죄해야""",4
"""삼성의 애플 상대소송특허권남용 아냐""",8
"""삼성의 애플 상대소송특허권남용 아냐""",8
"""삼성전자, 중국 협력사안전지속적인 개선 필요""",4
"""삼성전자가 또?""...신제품에 적용한 '첨단 기술'은?",3
"""삼성전자광주공장, 노동 여건 개선 미흡""",4
"""삼성전자광주공장, 노동 여건 개선 미흡""",4
"""삼성전자기흥사업장 사고는삼성의안전보건 과신이 불러온 참사""",4
"""삼성전자기흥사업장 사고는삼성의안전보건 과신이 불러온 참사""",4
"""삼성전자반도체 노하우 공개하라니…中 돕는 꼴""",4
"""삼성전자베트남 협력사노동자메탄올 중독…가짜 에탄올 납품 사기""",4
"""삼성전자의 애플 상대소송특허권남용 아냐""",8
"""삼성전자의 애플 상대소송특허권남용 아냐""",8
"""삼성전자ㆍTSMC, 청정전력 사용 목표 강화해야""",2
"""삼성폰 61종 금지하라""…삼성, 露법원서 특허분쟁 분투",8
"""삼성폰 61종 금지하라""…삼성, 露법원서 특허분쟁 분투",8
"""상반기까지위험관리..2600선 분할매수"" [2월 증시·코인 전망]",7
"""섣부른 주식 확대 경계···원자재·리츠 담고 金은 축소해야""",7
"""설계부터 준공까지""…HDC현대산업개발, 아이파크 내 최첨단 '스마트 기술' 확...",7
"""세상을 바꿀 반도체인재찾습니다""...삼성, 경력직 문턱 대폭 낮췄다",5
"""세상을 바꿀 반도체인재찾습니다""...삼성, 경력직 문턱 대폭 낮췄다",5
"""수익과위험동시에관리하는 구간""",7
"""수자원관리완벽""삼성전자,반도체업계 최초 '물사용량 저감' 인증",3
"""수자원관리완벽""삼성전자,반도체업계 최초 '물사용량 저감' 인증",3
"""수자원관리완벽""삼성전자,반도체업계 최초 '물사용량 저감' 인증",3
"""애플 상대 특허소송은특허권남용 아니다""",8
"""에너지절감에 진심""…'위기'의삼성가전, 올해 내세운 新무기는",2
"""에너지효율에 AI까지""…삼성전자, 2023년형 '비스포크 라이프' 선봬",2
"""원자재가격 예측이 리스크 매니지먼트""",7
"""원화값 강세에 수출中企 32% 영업 적자""",7
"""원화값 강세에 수출中企 32% 영업 적자""",7
"""자고나면 치솟는 환율 때문에…""",7
"""자금 보릿고개 넘기자"" 증권사들 고금리 상품 5.5조 폭풍 발행",7
"""전기차 배터리 충전 이젠 18분이면 되네""",2
"""전기차 배터리 충전 이젠 18분이면 되네""",2
"""전기차 배터리 충전 이젠 18분이면 되네""",2
"""전기차 배터리 충전 이젠 18분이면 되네""",2
"""전기차 배터리 충전 이젠 18분이면 되네""",2
"""전기차 배터리 충전 이젠 18분이면 되네""",2
"""전기차 배터리 충전 이젠 18분이면 되네""",2
"""전력 사용 줄이면 인센티브""…삼성-LG전자, 나주시 '에너지밸리 MG' 조성 나...",2
"""전력 사용 줄이면 인센티브""…삼성-LG전자, 나주시 '에너지밸리 MG' 조성 나...",2
"""좋은인재모셔라""…삼성전자, 불황 속 '인재영입' 속도",5
"""주가대책은""·""인재이탈은""…삼성전자주총달군 '송곳' 주주들",3
"""주주 물로 본""삼성전자, 통 큰 투자에도 현실은 '5만전자' [사자경제]",3
"""주주가 물로 보이나""…불만·아쉬움 가득했던삼성전자주주총회 [biz-플러스...",3
"""주주가 물로 보이냐"" ""안 한다던 올레드 TV는 왜 재출시?""...소액주주 송곳질...",3
"""주주가 물로 보이냐"" ""안 한다던 올레드 TV는 왜 재출시?""...소액주주 송곳질...",3
"""주주가 물로 보이냐"" ""안 한다던 올레드 TV는 왜 재출시?""...소액주주 송곳질...",3
"""주주가 물로 보이냐"" ""안 한다던 올레드 TV는 왜 재출시?""...소액주주 송곳질...",3
"""주주가 물로 보이냐"" ""안 한다던 올레드 TV는 왜 재출시?""...소액주주 송곳질...",3
"""주주가 물로 보이냐"" ""안 한다던 올레드 TV는 왜 재출시?""...소액주주 송곳질...",3
"""주주가 물로 보이냐"" ""안 한다던 올레드 TV는 왜 재출시?""...소액주주 송곳질...",3
"""주주가 물로 보이냐""삼성전자주주들 뿔났다",3
"""주주가 물로 보이냐""삼성전자주주들 뿔났다",3
"""주주가 물로 보이냐""삼성전자주주들 뿔났다",3
"""주주들을 물로 보냐, 주가관리는?""…삼전 주총날, 불만 터졌다",3
"""주주들을 물로 보냐, 주가관리는?""…삼전 주총날, 불만 터졌다",3
"""中 회사서 일 하실래요?""...K반도체 현지공장 서성이는 '이 남자'의 정체?",5
"""중국 미반도체기업 마이크론 조사, 한 · 일에 보내는 경고 신호""",3
"""중국 美반도체기업 마이크론 조사, 한·일에 보내는 경고 신호""",3
"""중국 美반도체기업 마이크론 조사, 한·일에 보내는 경고 신호""",3
"""중소·지역과 함께 성장""…삼성'스마트공장 3.0' 사업 시작",1
"""차세대 메모리 시장 견인""···삼성전자, 업계 최선단 12나노 D램 양산",1
"""초연결에 지속가능성을 더하다""…삼성전자, 비스포크 신제품 출시",2
"""최고 기술은 최고인재가 만든다""…삼성전자,글로벌영입전쟁",5
"""최고상 놓치지 않아""삼성전자, 美 환경청 '에너지스타상'서 업체 유일 2관왕...",2
"""최고인재는 중요 자산"" 경력직영입전 뛰어든삼성전자",5
"""친환경 입어야 진짜 프리미엄""삼성전자의 자신감",2
"""탄소중립 실현 잰걸음""···삼성전자,재생에너지기술 개발 MOU 체결",2
"""탄소중립 위한재생에너지기술 개발""삼성전자-에너지기술연구원, 어깨동무",2
"""탄소중립 위한재생에너지기술 개발""삼성전자-에너지기술연구원, 어깨동무",2
"""脫탄소위해 뭉쳤다""...K기업이 선보인 넷제로 해법은?",1
"""특허괴물 갑질에 견제장치 마련""…수천억대 NPE소송에도 영향",8
"""韓 교수 기술, 인텔도 100억 내고 썼는데""…삼성과는 '특허소송'",8
"""해외선 변리사소송대리권 인정…기업 기술보호 위해 균형 맞춰야""",8
"""해외선 변리사소송대리권 인정…기업 기술보호 위해 균형 맞춰야""",8
"""해외선 변리사소송대리권 인정…기업 기술보호 위해 균형 맞춰야""",8
"""협력업체노동자만 피해""...삼성이산화탄소 누출 사고 규탄",4
"""후대를 위한 AI 컴퓨팅,에너지 효율화 고민해야""",6
"""후대를 위한 AI 컴퓨팅,에너지 효율화 고민해야""",6
"""후대를 위한 AI 컴퓨팅,에너지 효율화 고민해야""",6
"""후대를 위한 AI 컴퓨팅,에너지 효율화 고민해야""",6
"(VOD)업계, 환율 급등에 `촉각`…불확실성 우려",7
"(VOD)업계, 환율 급등에 `촉각`…불확실성 우려",7
"(뉴스리듬)삼성·LG, 전현직 직원과 특허소송33건 진행 중",8
"(단독)삼성, '비디오 코딩' 4년소송끝 싱가포르 기업에 '무릎'",8
"(단독)삼성, '비디오 코딩' 4년소송끝 싱가포르 기업에 '무릎'",8
(알쏭달쏭 파생상품)오를대로 오른 주식 팔기 싫다면?,7
(오늘장 시황) 내년 코스피 1850~2200p 예상,7
(오늘장 이슈) 관망세 지속에 무게…당분간 보수적 접근 필요,7
"(주목 이 상품)재테크 암흑기, ‘나를 지켜주는 안전한 투자 상품은’",7
(주식으로 10억 벌어 사표 쓰기)코스피 25% 빠졌지만 5% 수익률로 마무리,7
(증시조망대)삼성전자만으론...,7
(현장에서)삼성전자성공신화의 명암 '삼성직업병',4
"?삼성전자,반도체‘전과정평가’ 검증 완료··· “탄소중립 박차”",3
"?삼성전자,반도체‘전과정평가’ 검증 완료··· “탄소중립 박차”",3
"?삼성전자,반도체‘전과정평가’ 검증 완료··· “탄소중립 박차”",3
"?삼성전자,반도체‘전과정평가’ 검증 완료··· “탄소중립 박차”",3
"?삼성전자,반도체‘전과정평가’ 검증 완료··· “탄소중립 박차”",3
"?삼성전자,반도체‘전과정평가’ 검증 완료··· “탄소중립 박차”",3
"?삼성전자,반도체‘전과정평가’ 검증 완료··· “탄소중립 박차”",3
"?삼성전자,반도체‘전과정평가’ 검증 완료··· “탄소중립 박차”",3
"[1.5℃ HOW] ""기후 위기를 지속 가능한 길로""…탄소중립 혁신기술의 장 '2023...",1
"[1.5℃ HOW] ""기후 위기를 지속 가능한 길로""…탄소중립 혁신기술의 장 '2023...",1
[1.5℃ HOW] '재생에너지비중 최하위'...수출 의존도 높은 韓에 빨간불,2
[1.5℃ HOW] '재생에너지비중 최하위'...수출 의존도 높은 韓에 빨간불,2
"[1.5℃ HOW]삼성전자, 전문기관과재생에너지기술 공동개발",2
"[1.5℃ HOW]삼성전자, 전문기관과재생에너지기술 공동개발",2
[2008 하반기 투자의 급소]브라질 등 자원부국 비중 확대 ‘굿’ - 숨은 진주...,7
"[200대기업 ESG TOP30] 1위삼성전자, 유일한 S등급…지속가능경영 '최우선' ...",2
"[200대기업 ESG TOP30] 1위삼성전자, 유일한 S등급…지속가능경영 '최우선' ...",2
"[200대기업 ESG TOP30] 1위삼성전자, 유일한 S등급…지속가능경영 '최우선' ...",2
"[200대기업 ESG TOP30] 1위삼성전자, 유일한 S등급…지속가능경영 '최우선' ...",2
"[200대기업 ESG TOP30] 1위삼성전자, 유일한 S등급…지속가능경영 '최우선' ...",2
"[200대기업 ESG TOP30] 1위삼성전자, 유일한 S등급…지속가능경영 '최우선' ...",2
"[200대기업 ESG TOP30] 1위삼성전자, 유일한 S등급…지속가능경영 '최우선' ...",4
[2010 UP KOREA] 현오석 KDI 원장 “하반기 설비투자·고용사정등 민간경기 활...,7
[2010 UP KOREA] 현오석 KDI 원장 “하반기 설비투자·고용사정등 민간경기 활...,7
[2023 1.5°C HOW-ESG Awards] ESG경영 선도기업 한 곳에…'삼성전자' 종합 대...,1
[2023 1.5°C HOW-ESG Awards] ESG경영 선도기업 한 곳에…'삼성전자' 종합 대...,1
[2023 혁신 아이콘②이재용]삼성전자어닝쇼크? 초격차 기술로 넘는다,5
[20일 경기북부청 소식] ‘GTX 플러스 기본구상’ 연구용역 착수 등,4
"[4대그룹 에코노믹스①]삼성전자, 경영철학에 '친환경' 녹이다",3
"[4대그룹 에코노믹스①]삼성전자, 경영철학에 '친환경' 녹이다",3
"[4대그룹 에코노믹스①]삼성전자, 경영철학에 '친환경' 녹이다",3
"[A 현장]삼성전자, '친환경·고효율' 두 마리 토끼 잡는 비스포크 라인업 공...",2
"[AI 리서치] 올해 반도체 칩 설계 위한 인공지능에 3억달러 투입삼성전자, 인...",6
[Biz Prism] 원자재·인건비 줄줄이 상승…美기업 '인플레'서 살아남는법,7
"[BIZ School] 리스크, 피하기보다 '통제영역 이하' 수준으로 낮춰라",7
[Business Focus] 실질금리 0%시대 기업자금운용,7
"[CES 2022]삼성전자, 갤럭시S21 FE 공개…“팬들의 니즈 충촉할 것”",6
"[CES 2022]삼성전자, 갤럭시S21 FE 공개…“팬들의 니즈 충촉할 것”",6
"[CES 2022]삼성전자, 갤럭시S21 FE 공개…“팬들의 니즈 충촉할 것”",6
"[CES 2022]삼성전자, 갤럭시S21 FE 공개…“팬들의 니즈 충촉할 것”",6
"[CES 2022]삼성전자, 갤럭시S21 FE 공개…“팬들의 니즈 충촉할 것”",6
"[CES 2022]삼성전자, 갤럭시S21 FE 공개…“팬들의 니즈 충촉할 것”",6
"[CES 2022]삼성전자, 갤럭시S21 FE 공개…“팬들의 니즈 충촉할 것”",6
"[CES 2022]삼성전자, 갤럭시S21 FE 공개…“팬들의 니즈 충촉할 것”",6
[CIO BIZ+]RFID로 소비자 파악까지,7
[CIOBIZ+] Cover Story - 세계 어디서나 실시간 협업,7
[COVER STORY] 2006 경제 키워드‥기업들 환율만 쳐다보네,7
[COVER STORY] 한국경제 생존키워드 환율‥제조업체 환율 리스크,7
"[DT 시론] 환율위기, 우리도 견디어내자",7
"[ESG 경영] ""스케일이 다른 친환경 네트워크""...삼성반도체의 '지속가능한 공...",2
"[ESG 경영] ""스케일이 다른 친환경 네트워크""...삼성반도체의 '지속가능한 공...",2
"[ESG 경영] ""스케일이 다른 친환경 네트워크""...삼성반도체의 '지속가능한 공...",3
[ESG 리포트｜삼성전자]백혈병 배상 문제 이후 인권 경영 실천,4
[ET단상]기업은 특허침해소송을 변리사를 통해 해결하길 원한다,8
[Fund]분산투자 효과 ‘굿’…하락장선 ‘조심’ - 다시 주목받는 그룹주 펀드,7
"[ICT 뉴스브리프]삼성전자-LG전자, 냉장고 신제품 출시 外",2
"[ICT 뉴스브리프]삼성전자-LG전자, 냉장고 신제품 출시 外",2
"[IFA 2022] 혁신 경쟁삼성·LG전자, 유럽서 'K가전' 승부수",6
[Invest]중대재해법 시행 앞두고 잇따른 사망사고…삼성물산 연말 인사 영향 ...,4
[IT Works]삼성전자·LG전자·SK텔레콤 등,6
[IT Works]삼성전자·LG전자·SK텔레콤 등,6
[IT Works]삼성전자·LG전자·SK텔레콤 등,6
"[IT이슈]삼성전자, 미국 환경청 '에너지스타상' 최고상 2관왕 등",2
"[IT이슈]삼성전자, 미국 환경청 '에너지스타상' 최고상 2관왕 등",2
"[IT이슈]삼성전자, 미국 환경청 '에너지스타상' 최고상 2관왕 등",2
"[IT이슈]삼성전자, 미국 환경청 '에너지스타상' 최고상 2관왕 등",2
"[IT이슈]삼성전자, 미국 환경청 '에너지스타상' 최고상 2관왕 등",2
"[IT이슈]삼성전자, 중소기업·지역사회 지원 위한 '스마트공장 3.0' 사업 시...",1
[KOTRA가 내다본 2015년 세계시장] 불확실성을 극복할 새로운 시장을 찾아라,7
[KPMG가 본 코로나 리스크] ①금융·제조·항공 등 산업 전방위서 '흔들',7
[KPMG가 본 코로나 리스크] ①금융·제조·항공 등 산업 전방위서 '흔들',7
[K우먼톡]헤드헌터 눈으로 본 CES‥퓨전형인재가 뜬다,5
"[PS 산업] SKT, LG에너지솔루션, SK하이닉스,삼성전자, LG전자",3
"[PS 산업] SKT, SK하이닉스, SK네트웍스서비스,삼성전자, LG전자",2
"[PS 산업] SKT,삼성전자, SK에코플랜트",2
"[PS 산업] SKT,삼성전자, SK에코플랜트",2
"[PS 산업] SKT,삼성전자, SK에코플랜트",2
"[PS 산업] SKT,삼성전자, SK에코플랜트",2
"[PS 산업] SKT,삼성전자, SK에코플랜트",2
"[PS 산업] SKT,삼성전자, SK에코플랜트",2
"[PS 산업] SK에코플랜트, SKT,삼성SDI,삼성전자, LG전자",2
"[PS 산업] SK에코플랜트, SKT,삼성SDI,삼성전자, LG전자",2
"[PS산업] SK에코플랜트,삼성전자, SKT, LG마그마, LG전자",2
"[SR유통] 롯데그룹, 젊은 리더십·외부인재 영입…변화·쇄신 속도",5
[SR주간브리핑]삼성전자1분기 실적 전망치 웃돌아·건설사 현금성 자산 증가,7
"[SR통신IT]삼성전자, 스마트폰·태블릿 특허침해 피소…美, ITC 조사",8
"[SR환경]삼성전자,반도체업계 최초 '물사용량 저감' 인증",3
[STOCK & BOND] 베스트 애널리스트 25人의 추천종목 한미약품·비에이치·에스...,7
[STOCK & BOND] 액티브 펀드 제치고 대세 탄 ETF 미래에셋타이거200IT레버리지...,7
[Tech Wide+] “지속가능한 상생” 실현하는삼성전자,3
[Who Is ?] 남준우삼성중공업 대표이사 사장,4
[Who Is ?] 남준우삼성중공업 대표이사 사장,4
[Who Is ?] 박두선 대우조선해양 대표이사 사장,4
[Who Is ?] 안동일 현대제철 대표이사 사장,4
[Who Is ?] 오세철삼성물산 건설부문 대표이사 사장,4
[Who Is ?] 옥경석 한화 기계부문 및 한화정밀기계 대표이사 사장,7
[Who Is ?] 이영희삼성전자DX부문글로벌마케팅실장 사장,5
[Who Is ?] 이인호 한국무역보험공사 사장,7
[Who Is ?] 이재용삼성전자회장,5
[Who Is ?] 이중근 부영그룹 회장,7
[Who Is ?] 전경훈삼성전자DX부문 CTO 겸삼성리서치장 사장,5
[Who Is ?] 전경훈삼성전자DX부문 CTO 겸삼성리서치장 사장,5
[Who Is ?] 정도현 LG전자대표이사 사장,7
[Who Is ?] 조동길 한솔그룹 회장,7
[Who Is ?] 조동길 한솔그룹 회장,7
[Who Is ?] 조동길 한솔그룹 회장,7
[Who Is ?] 한기정 공정거래위원회 위원장,7
[강동진의 투자전략브리핑] 3가지 증시변동 요인에 집중,7
[강현철의 시사경제 뽀개기] 국민연금 이용해 기업 경영에 간섭하겠다고?,7
[개장전] 꽃샘추위,7
"[경제뉴스 브리핑(6.20)] 달러, 버냉키 발언에 강세..엔/달러 96엔대로 상승",7
"[경제인터뷰]양기인 대우증권 센터장, “고유동성, 저금리, 저평가 메리트로 ...",7
"[관점뉴스] 애플, 올해 애플스토어 2개점 추가 개설해삼성전자'텃밭' 노리나",2
[굿모닝경제] 24년 만에 '물가 6% 시대' 전망...7월에 더 오른다,7
[글로벌 바이오] 100살 맞은 당뇨와 비만 제약명가...”혁신 찾아 만난 한국 ...,2
[글로벌 바이오] 100살 맞은 당뇨와 비만 제약명가...”혁신 찾아 만난 한국 ...,2
[글로벌 바이오] 100살 맞은 당뇨와 비만 제약명가...”혁신 찾아 만난 한국 ...,2
[글로벌 바이오] 100살 맞은 당뇨와 비만 제약명가...”혁신 찾아 만난 한국 ...,2
"[글로벌-Biz24 美 ITC,삼성전자와 중국 BOE OLED 디스플레이 특허 위반 혐의...",8
"[글로벌-Biz24 美 ITC,삼성전자와 중국 BOE OLED 디스플레이 특허 위반 혐의...",8
"[글로벌-Biz24 美 ITC,삼성전자와 중국 BOE OLED 디스플레이 특허 위반 혐의...",8
[금융]환율하락 비상…달러 빚 줄지만 수출株는 타격,7
[금융연구원 공동기획 / 이슈진단] ③ 글로벌 자산 동조화 장기투자가 답이다,7
"[금일 사건사고 주요기사] ""직무수행 어렵다"" '외제차 의혹' 받은 박영수 특검...",4
[기고] “4차산업 관련 기업 호조… 검증된 투자자산 비중 늘려야”,7
[기업 기상도] 드디어 나온 첫 제네시스 外,7
"[기업뉴스 브리핑] 대한항공, 계묘년 새해 맞아 '복조리 걸기' 행사 外",7
"[기자수첩] ""1군 건설사는삼성물산 하나뿐이다""",4
"[기자수첩] 한국 반도체 미래,삼성전자의 선택에 달렸다",5
[기자수첩]삼성전자의 ‘감산 블러핑’에 답답한 주주들,3
[기자수첩]삼성전자의 ‘감산 블러핑’에 답답한 주주들,3
[기자수첩]삼성전자의 ‘감산 블러핑’에 답답한 주주들,3
[기획] 전남동부권물부족 비상② ... 여수산단과 포스코 ‘물먹는 하마’,3
[기획] 전남동부권물부족 비상② ... 여수산단과 포스코 ‘물먹는 하마’,3
[기획]경기침체 길어질 우려…기업 비상등 켜져,7
"[기획]미·중 반도체 업계, 부진에 감원 바람…삼성전자, 더 뽑는다",5
"[기획]미·중 반도체 업계, 부진에 감원 바람…삼성전자, 더 뽑는다",5
"[기획]미·중 반도체 업계, 부진에 감원 바람…삼성전자, 더 뽑는다",5
[기획]반도체 초격차 키 '인재'로 한파 넘는다,5
"[기획]삼성전자, 무선청소기의 패러다임을 바꾸다",6
"[기획]재계, '미래인재' 확보로 위기 극복",5
"[기후산업박람회]삼성·LG, '친환경' 혁신제품 대거 출품",2
[김경래의 최강시사] 김기식 “전략부품 20~30%는 국내 육성해야”,7
[김대호 박사의 오늘 기업·사람] 비자·마스터·삼성전자·현대제철·삼표·...,4
[김정민 변호사의 IT와법]삼성과 LG의 50년 TV 전쟁사와 전후 배상 협상,8
"[노동부, 하청 사고 많은 원청 11곳 최초 공표] 원청 정규직 한 명 숨질 때 하...",4
[논평]삼성전자의안전불감증에 국민은 불안하다,4
[뉴공 아카이브]김종대(연세대 통일연구원 객원교수): 중국 현지에서 접한 한...,7
['뉴삼성' 시대 열렸다①] 이재용이 그리는 ‘뉴삼성' 경쟁력 근간은 '인재·...,5
['뉴삼성' 시대 열렸다①] 이재용이 그리는 ‘뉴삼성' 경쟁력 근간은 '인재·...,5
['뉴삼성' 시대 열렸다②] '기술중시 경영' 이재용 회장이 선택한 차세대 먹거...,5
"[뉴스AS] 반올림과삼성의 합의, 우리에겐 ‘황유미법’이 필요하다",4
"[뉴스'까'페]삼성, 5년간 美 특허소송서 고작 3건 이겼다",8
"[뉴스외전 경제 '쏙'] ""미국.중국 경제 불안‥원자재값 급등, 증시 '휘청'",7
[뉴스외전 경제 '쏙'] '부자 감세?' 세제 개편 집중 분석,7
[뉴스워커] 반복되는삼성화학물질 누출 사고...구멍 뚫린삼성식 '안전관리...,4
"[뉴스워커_기획] ""몰랐다"" ""기술을 빼돌린 것은 아니다"" 특허 침해 정황에 대...",8
"[뉴스워커_기획] ""몰랐다"" ""기술을 빼돌린 것은 아니다"" 특허 침해 정황에 대...",8
"[뉴스워커_외신] ""특허 침해 당했다"" VS ""기술·법적 가치 없다"" 한화큐셀 美...",8
"[뉴스투데이 E]삼성전자화성캠퍼스,반도체업계 최초 ‘물사용량 저감’ ...",3
"[뉴스투데이 E]삼성전자화성캠퍼스,반도체업계 최초 ‘물사용량 저감’ ...",3
[뉴스투데이 세븐] 900원 무너지면 수출 포기,7
"[단독] ""외부인재모십니다""…삼성, 경력 기준 문턱 확 낮췄다",5
"[단독] LG전자, 시간당 재해건수삼성전자의 9배… '도수율' 분석",4
"[단독] 디자인센터장 겸직하는삼성전자노태문, 車디자이너영입착수",5
[단독] '디지털 사이니지 특허소송전'삼성의 반격 본격화,8
"[단독] 또 기업사냥꾼 타깃된삼성전자, 美서 '삼성페이 앱 디자인' 피소",8
"[단독] 로봇사업 힘 싣는삼성, 엔비디아 전문가영입",5
"[단독] 美 ITC,삼성전자디지털 사이니지 이어 '반도체' 특허침해 조사",8
"[단독] 불황에도 R&D인재확보…삼성전자, 임대현 마스터영입",5
[단독] 친정삼성전자에 또 비수…'특허괴물' 된 전 임원 추가소송,8
"[단독] 카이스트, 퀄컴·삼성상대 2차 특허소송",8
"[단독]노동부,삼성전자에 ‘CO2 누출 사고’관리부실 책임 묻는다",4
[단독]美서 '특허괴물'에 또소송당한삼성·LG 올레드,8
[단독]美서 '특허괴물'에 또소송당한삼성·LG 올레드,8
"[단독]삼성, 산자부 움직여 ‘특허권 소송상대’ 기술 유출 조사",8
"[단독]삼성, 산자부 움직여 ‘특허권 소송상대’ 기술 유출 조사",8
"[단독]삼성, 애플 출신 핵심 기술인재 영입…“칩·AI 경쟁력 가져온다”",5
[단독]삼성‘중소기업 기술 무단사용’ 2400억 배상판결 나올 듯,8
"[단독]삼성·LG, '특허 괴물'에 터치기술 관련 美 ITC 피소",8
"[단독]삼성·애플, '밀어서 잠금해제' 특허소송패색 짙어져",8
[단독]삼성외부인재수혈…온라인 강화,5
"[단독]삼성전자, 리스크관리컨트롤타워 신설한다",7
"[단독]삼성전자, 모바일·PC '특허 침해'로 美 ITC에 피소",8
"[단독]삼성전자, 美 무선이어폰 특허 침해소송우위…무효심판 승소",8
"[단독]삼성전자, 에릭슨에 '맞소송'…美 ITC에 특허침해 제소",8
"[단독]삼성전자, 에릭슨에 '맞소송'…美 ITC에 특허침해 제소",8
"[단독]삼성전자, 이산화탄소 유출에도 알람은 꺼져있었다",4
"[단독]삼성전자, 中 '리오토' 출신 AI 반도체 책임자영입…챗GPT 수요 대비",5
"[단독]삼성전자, 환경안전전문가 대거 채용",4
"[단독]삼성전자,글로벌여성인재임원영입...마케팅 강화",5
[단독]삼성하청업체 메탄올 실명노동자또 있다,4
"[단독]中법원,삼성이 제기한 화웨이 '특허소송' 항소심 기각",8
[대한민국 대전환 ‘ON’ 시즌2] 에너지 안보·탄소중립 <2>기후산업을 신성장...,1
"[더벨]""삼성전자RE100 달성률이 20%뿐? 압도적 국내 1위""",2
[더벨][데이터로 본삼성전자50년]카피캣에서 초격차까지…특허 13만건의 힘,8
"[더벨][삼성모바일 승부수]""디자인에 혼을 담아내자"" 이재용 명품 전략 통할...",5
"[더벨][삼성모바일 승부수]""디자인에 혼을 담아내자"" 이재용 명품 전략 통할...",5
"[더벨][삼성모바일 승부수]""디자인에 혼을 담아내자"" 이재용 명품 전략 통할...",5
[더벨][삼성모바일 승부수]MX사업부를 움직이는 '기술'인재들,5
[더벨][삼성모바일 승부수]MX사업부를 움직이는 '기술'인재들,5
[더벨][테크사인재영입대전]인화의 LG전자달라졌다…'삼성출신' 줄줄이 스...,5
[더벨][테크사인재영입대전]인화의 LG전자달라졌다…'삼성출신' 줄줄이 스...,5
"[더벨][확장기 K배터리 인사 코드]LG·삼성은전자출신 '순혈', SK는 개방형...",5
"[더벨]삼성글로벌리서치, 연이은 승진인사로 '존재감'",5
"[더벨]삼성글로벌리서치, 연이은 승진인사로 '존재감'",5
"[더벨]삼성전자, 2년 만에 외국인 승진자 배출한 사업지원TF",5
"[더벨]삼성전자, 사장단 인사로 본 '6G·AI' 선점 의지",5
"[더벨]삼성전자인사, '갤럭시·5G' 브랜드 위상제고 공로 빛났다",5
"[더벨]삼성전자인사, '갤럭시·5G' 브랜드 위상제고 공로 빛났다",5
"[더벨]포티투닷, '자동차 경험없어도' 외부인재 영입속도",5
"[더벨]한종희삼성전자부회장, 1인 3역 이어갈까",5
"[데일리픽] 새해 반도체·게임 지고… 방산, 철강 등 전통산업 유망",7
[돈굴리기] 펀드 설정액·편입비율 급변땐 조심,7
"[돈이 보인다] 펀드로 실망, 펀드에 희망",7
[로봇시대 투자 완전정복]②AI까지 가세…가사·농업조종 로봇도 등장 기대,7
"[르포] ""인재 영입사활 걸었죠""…실리콘밸리삼성리서치·DS 미주총괄 가보니",5
"[르포]""삼성다닙니다"" 실리콘밸리에서 반응은?",5
[르포]LG는삼성찾고 SK는 포스코 노크…탄소중립 아이디어 나누자(종합),1
[르포]LG는삼성찾고 SK는 포스코 노크…탄소중립 아이디어 나누자(종합),1
[르포]LG는삼성찾고 SK는 포스코 노크…탄소중립 아이디어 나누자(종합),2
[르포]LG는삼성찾고 SK는 포스코 노크…탄소중립 아이디어 나누자(종합),2
[르포]삼성의 미래 기술·인재다 모였다...美 실리콘밸리 SRA·DS총괄 가보...,5
"[르포]삼성전자, 평택 낸드플래시 공장 가동···""불황기에도 투자""",4
[리걸타임즈 IP Law] 독일 특허법의 개정과 특허소송에의 영향,8
"[마켓트렌드]한국타이어, 글로벌공장 '풀가동'…투자매력 '철철'",7
"[마켓트렌드]한국타이어, 글로벌공장 '풀가동'…투자매력 '철철'",7
[머니+]반도체·IT·금융업종 인기 여전···고점 걱정되면 금·엔화로 보완,7
"[모닝 픽]삼성전자, 中 자동차 스타트업 AI 칩 연구책임자 영입 외",4
[모닝픽]삼성'엑시노스 2300' 유력 AP 벤치마크 플랫폼에 등장,1
[모닝픽]삼성'엑시노스 2300' 유력 AP 벤치마크 플랫폼에 등장,1
"[미디어똑바로보기]""삼성전자백혈병 사태, 언론의 보도""-안호림 교수 12/1(토...",4
"[미리보는 ISSCC 2023] SK하이닉스 300단 이상 V낸드,삼성전자8K DDI 등 주...",6
"[미리보는 이데일리신문]클릭, 클릭, 15분이면 끝 11조 대출 환승 시작됐다",3
[반도체인재양성 비상] ③ “전장 등 신기술인재하늘의 별따기”…소부장 ...,5
"[반도체토크콘서트] ""AI반도체패권전쟁 불붙어…한국판 '첨단산업 네옴시티...",3
"[반도체토크콘서트] ""AI반도체패권전쟁 불붙어…한국판 '첨단산업 네옴시티...",3
"[반도체토크콘서트] ""AI반도체패권전쟁 불붙어…한국판 '첨단산업 네옴시티...",3
"[반칙NO]삼성전자LCD 뇌종양 산재 인정 한혜경씨 ""삼성이 10억원으로 회유했...",4
"[반칙NO]삼성전자LCD 뇌종양 산재 인정 한혜경씨 ""삼성이 10억원으로 회유했...",4
[베스트 애널리스트]새로 2~3위 오른 애널리스트…타 업종 커리어 내세운 신예...,7
[분석] '분산에너지특별법'이 가져올 변화들...전력시장 '다양화',2
[분석] '분산에너지특별법'이 가져올 변화들...전력시장 '다양화',2
[분석] '분산에너지특별법'이 가져올 변화들...전력시장 '다양화',2
"[분석] 신동빈 회장의 롯데 인사...""외부인재 영입, 변화 주문""",5
"[분석] 신동빈 회장의 롯데 인사...""외부인재 영입, 변화 주문""",5
[분석] 천장없는 전기요금…태양광과 경제성DR로 절약가능,2
[브리핑] DL이앤씨·대우건설·코오롱글로벌·포스코건설·부영그룹,7
"[사설] 거시경제 실패가 몰고 온 시장의 복수, 환율 충격",7
"[사설] 거시경제 실패가 몰고 온 시장의 복수, 환율 충격",7
"[사설] 기흥공장 산재사망노동자, 누가 죽였나",4
"[사설] 기흥공장 산재사망노동자, 누가 죽였나",4
[사설]협력사안전직접 챙기는삼성전자주목한다,4
"[산업 이모저모] LG전자'UP가전', 내년부터 글로벌 확대 출시...""해외 브랜드...",6
"[산업 이모저모] 현대차,AI반도체'딥엑스'와 손잡는다...로보틱스 사업에 박...",3
"[산업 이모저모] 현대차,AI반도체'딥엑스'와 손잡는다...로보틱스 사업에 박...",3
"[산업 이모저모] 현대차,AI반도체'딥엑스'와 손잡는다...로보틱스 사업에 박...",3
"[산업 이모저모] 현대차-조르제토 주지아로, '포니 쿠페 콘셉트' 복원 맞손.....",7
"[산업 이모저모]삼성-네이버, 모바일 결제 맞손...""네이버페이 온라인 가맹점...",2
"[산업 이모저모]삼성-네이버, 모바일 결제 맞손...""네이버페이 온라인 가맹점...",6
"[산업 이모저모]삼성-네이버, 모바일 결제 맞손...""네이버페이 온라인 가맹점...",6
"[산업 이모저모]삼성-네이버, 모바일 결제 맞손...""네이버페이 온라인 가맹점...",6
"[산업 이모저모]삼성-네이버, 모바일 결제 맞손...""네이버페이 온라인 가맹점...",6
"[산업 이모저모]삼성바이오로직스, '2023 바이오 인터내셔널 컨벤션' 11년 연...",1
"[산업계 동향]삼성전자, 세계에 Neo QLED 8K 우수성 알린다·LG전자, 2022년...",6
"[산업계 동향]삼성전자, 세계에 Neo QLED 8K 우수성 알린다·LG전자, 2022년...",6
"[산업계 동향]삼성전자, 세계에 Neo QLED 8K 우수성 알린다·LG전자, 2022년...",6
"[산업계 동향]삼성전자, 세계에 Neo QLED 8K 우수성 알린다·LG전자, 2022년...",6
"[산업계 동향]삼성전자, 세계에 Neo QLED 8K 우수성 알린다·LG전자, 2022년...",6
"[산업계 동향]삼성전자, 세계에 Neo QLED 8K 우수성 알린다·LG전자, 2022년...",6
"[산업계 동향]삼성전자, 세계에 Neo QLED 8K 우수성 알린다·LG전자, 2022년...",6
"[산업계 동향]삼성전자, 세계에 Neo QLED 8K 우수성 알린다·LG전자, 2022년...",6
"[삼성AI 포럼 2021] AI 발전의 그림자 '막대한 전력소모', 반도체 혁신으로 ...",6
"[삼성AI 포럼 2021] AI 발전의 그림자 '막대한 전력소모', 반도체 혁신으로 ...",6
"[삼성AI 포럼 2021] AI 발전의 그림자 '막대한 전력소모', 반도체 혁신으로 ...",6
"[삼성AI 포럼 2021] AI 발전의 그림자 '막대한 전력소모', 반도체 혁신으로 ...",6
"[삼성AI 포럼] ""메모리칩 혁신으로 AI 컴퓨팅에너지 효율극대화""",6
"[삼성AI 포럼] ""메모리칩 혁신으로 AI 컴퓨팅에너지 효율극대화""",6
"[삼성AI 포럼] ""메모리칩 혁신으로 AI 컴퓨팅에너지 효율극대화""",6
"[삼성AI 포럼] ""메모리칩 혁신으로 AI 컴퓨팅에너지 효율극대화""",6
"[삼성AI 포럼] ""메모리칩 혁신으로 AI 컴퓨팅에너지 효율극대화""",6
"[삼성AI 포럼] ""메모리칩 혁신으로 AI 컴퓨팅에너지 효율극대화""",6
"[삼성AI 포럼] ""메모리칩 혁신으로 AI 컴퓨팅에너지 효율극대화""",6
"[삼성AI 포럼] ""메모리칩 혁신으로 AI 컴퓨팅에너지 효율극대화""",6
[삼성사장단 인사] ‘이재용의 픽’ 세바스찬 승..글로벌R&D 총대,5
"[삼성오디세이]삼성전자, 연산기능 강화한 ‘2세대 스마트SSD’ 개발",6
"[삼성오디세이]삼성전자, 연산기능 강화한 ‘2세대 스마트SSD’ 개발",6
"[삼성이 달라졌다⑤·끝] ""안전한 일터·선진 노사문화 구축""…산업재해 '제로...",4
"[삼성이 달라졌다⑤·끝] ""안전한 일터·선진 노사문화 구축""…산업재해 '제로...",4
"[삼성이 달라졌다⑤·끝] ""안전한 일터·선진 노사문화 구축""…산업재해 '제로...",4
"[삼성인사] '투톱' 유지한 이재용, 첫 女 사장 발탁…""인재·기술 중시"" [종...",5
"[삼성전자 노동자한혜경씨] 뇌종양 발병 14년, 산재신청 10년 만에 직업병 인...",4
"[삼성전자, 사장단 인사] 인사 키워드 '기술인재'···반도체·5G 먹거리 책...",5
"[삼성전자, 사장단 인사] 인사 키워드 '기술인재'···반도체·5G 먹거리 책...",5
"[삼성전자, 제54기 정기 주총] 한종희 대표 ""본질에 집중, 기술 통해 새로운 ...",2
"[삼성전자]삼성전자, 한국에너지기술연구원과 '탄소중립'을 위한재생에너지...",2
"[삼성전자인사]""엄중한 경영현실 속 안정성 확보""…반도체·모바일 주요 사업...",5
"[삼성전자주총] ""주가관리합니까?"" 동학개미의 울분",3
"[삼성전자주총] ""주가관리합니까?"" 동학개미의 울분",3
"[삼성전자주총] ""주가관리합니까?"" 동학개미의 울분",3
"[삼성전자주총] 국제통상·ESG 전문가영입…한종희 ""이사회 독립성 강화""",5
"[상장사재무분석]⑨크로바하이텍, 원재료 부담…M&A로 정면돌파 시도",7
"[성공예감 이대호입니다]반도체실적, 4분기 바닥이라는데 그러면 주가는? -...",3
[세계 물의 날]삼성?SK반도체업계 水 자원 확보에 사력...물재이용률 확대,3
"[세자릿수 환율시대 다가온다]②'환율 1000원 시대'…기업들 ""기본 체력이 급...",7
"[속보] 文 '산재사망' 이선호 씨 조문 ""노동자 안전약속했는데, 송구""",4
"[속보]애플, 국내법원에 '삼성특허권침해금지'소송",8
[수원소식] 지하시설물안전관리협력체 가동·1인 창조기업지원센터 입주기업...,4
[슈어넷 마켓리더스] 아래로 쏠리는 중국증시,7
"[스타PB 전략 엿보기]""지금은 ETF에 투자할 때""",7
[스타트업 단신] 핵심인재 영입에 나선 스타트업들,5
[시급한 경제구조 대전환](3) 건설업 '고부가가치'가 생존 키워드,7
[新3高시대-환율] 수출기업 직격탄…환리스크관리'필수',7
[신년기획 ⑤전자업계]글로벌한파 헤쳐갈 '신성장·소프트' 파워 찾는다,5
[신년기획 ⑤전자업계]글로벌한파 헤쳐갈 '신성장·소프트' 파워 찾는다,5
[신년사 돌아보기] 기술혁신ㆍESG 강조한삼성전자...이재용 행보와 함께 증명,5
[아르곤가스 질식·추락 사망사고 났는데도]안전관리구멍 뚫린삼성전자평...,4
[아르곤가스 질식·추락 사망사고 났는데도]안전관리구멍 뚫린삼성전자평...,4
"[아주증시포커스] '경기둔화 공포'에 2400선도 안심 못해… ""현금 비중 높여야...",7
[안전보건공단 30년 만에 대대적 조직개편] 첨단산업·플랫폼 노동 대비 미래...,4
"[업종리포트] 반도체, 수급 상황 및 원가경쟁력이 중요[한국증권]",7
[에너지경제신문 오프라인] 먼저 만나는 에너지경제신문 헤드라인 - 4월 2일,7
"[영상]삼성전자비스포크 신제품 총망라...""인공지능·초연결·친환경까지""",2
[예규·판례] 국내 미등록특허권사용료가 국내원천소득에 해당하는지 여부,8
[오늘의 주요 일정] '마약 투여'삼성전자상무 겸 박지원 사위 공판,4
[오늘의 주요 일정] '부당합병·회계부정' 이재용삼성전자부회장 공판,4
[오늘의 주요 일정] '부당합병·회계부정' 이재용삼성전자부회장 공판,4
[오늘의 주요 일정] '회계부정·부당합병' 이재용삼성전자부회장 공판,4
[오늘의 주요 일정] '회계부정·부당합병' 이재용삼성전자부회장 공판,4
[오늘의 주요 일정] '회계부정·부당합병' 이재용삼성전자부회장 공판,4
[오늘의 주요 일정] '회계부정·부당합병' 이재용삼성전자부회장 공판,4
[오늘의 주요 일정] '회계부정·부당합병' 이재용삼성전자부회장 공판,4
[오늘의 주요 일정] '회계부정·부당합병' 이재용삼성전자부회장 공판,4
[오늘의 주요 일정·22일] '불법 합병·승계 의혹' 이재용삼성전자부회장 공...,4
[오늘의 주요 일정·22일] '불법 합병·승계 의혹' 이재용삼성전자부회장 공...,4
"[오늘의 주요 일정·4일] 건설기계노동자들, 요소수 폭등사태 정부 책임 촉구...",4
"[오늘의 증시 리포트] ""삼성전자, 반도체 업황 바닥 접근, 최악 실적 악화 국...",2
"[오늘의 증시 리포트] ""삼성전자, 반도체 업황 바닥 접근, 최악 실적 악화 국...",2
[오늘의 토막뉴스] ‘경동건설노동자사망’ 1년째…진상조사?책임자처벌은...,4
[오늘의 토막뉴스] ‘경동건설노동자사망’ 1년째…진상조사?책임자처벌은...,4
"[오피니언] ""삼성전자,2030년까지 탄소배출 계속 증가""",2
"[오피니언] ""삼성전자,2030년까지 탄소배출 계속 증가""",2
"[오후초대석] 공정위, 6년소송끝에 퀄컴 1조원대 과징금 확정…의미는?",8
[원하청 상생안전 우수기업을 찾아서](주)DH글로벌,7
[위클리오늘] 이재용 회장 첫 인사...삼성전자최초 여성 사장 탄생,5
"[유통가 레이더] ""테라보다 더 빨라""... 하이트진로 '켈리', 최단기간 100만 ...",8
"[이슈] 세계 최초 '기후산업국제박람회' 부산에서 개최...재계 ""더 나은 미래...",2
"[이슈] 세계 최초 '기후산업국제박람회' 부산에서 개최...재계 ""더 나은 미래...",2
"[이슈] 세계 최초 '기후산업국제박람회' 부산에서 개최...재계 ""더 나은 미래...",2
"[이슈] 세계 최초 '기후산업국제박람회' 부산에서 개최...재계 ""더 나은 미래...",3
"[이슈] 세계 최초 '기후산업국제박람회' 부산에서 개최...재계 ""더 나은 미래...",3
"[이슈대담] 사망사고삼성협력사 디케이, 중대 재해 책임 인정",4
"[이슈대담]삼성전자, '반도체한파'에 자회사 20조원 차입",3
"[이슈대담]삼성전자, '반도체한파'에 자회사 20조원 차입",3
"[이슈대담]삼성전자, 영업이익 순위 1위→4위로 추락 위기",3
"[이슈대담]삼성전자, 영업이익 순위 1위→4위로 추락 위기",3
"[이슈대담]삼성전자, 영업이익 순위 1위→4위로 추락 위기",3
"[이슈분석]삼성전자낸 6300억 법인세 돌려달라는 MS, 왜",8
[이슈인사이드] 메타버스 관련 주 급등...'메타버스 탑승' 주의점은?,7
"[이슈체크] 대법, MS 법인세 6300억 파기환송…미등록특허권 소송, 향방 어떻...",8
[이슈토크] 현장노동자 안전 관리는?,4
[이슈토크] 현장노동자 안전 관리는?,4
"[인사]삼성전자, 2023년 정기 사장단 인사",5
"[인사]삼성전자, 정기 사장단 '성과주의 인사' 단행",5
[인재가 없어도 너무 없다/창간호] (상) '인구 보너스' 끝…인구 줄고 핵신 산...,5
"[인터뷰 │김종규 식스티헤르츠 대표] ""소비자의에너지선택권 보장해야""",2
"[인터뷰 │김종규 식스티헤르츠 대표] ""소비자의에너지선택권 보장해야""",2
"[인터뷰 │김종규 식스티헤르츠 대표] ""소비자의에너지선택권 보장해야""",2
"[인터뷰 │김종규 식스티헤르츠 대표] ""소비자의에너지선택권 보장해야""",2
"[인터뷰 │김종규 식스티헤르츠 대표] ""소비자의에너지선택권 보장해야""",2
"[인터뷰 │김종규 식스티헤르츠 대표] ""소비자의에너지선택권 보장해야""",2
"[인터뷰] '삼성백혈병' 공식 사과...""만감이 교차했다""",4
[인터뷰]“삼성기탁금 500억으로 ‘전자산업안전보건센터’ 건립…전자ㆍ서비...,4
[인터뷰]“삼성기탁금 500억으로 ‘전자산업안전보건센터’ 건립…전자ㆍ서비...,4
[재테크 손자병법] 금융위기때 수익 반토막 50대 사업가 기사회생,7
[전문가 설문]2010년에도 가장 매력적인 투자자산은 주식… 기대수익률은 10~...,7
"[전문가 포럼] 코로나19, 맥주게임 그리고 디지털 재난대응",7
[전문서비스] 수출중기 환위험관리적극 지원키로[산자부,7
"[조세] ""국내 미등록특허권에 대한 사용료, 원천징수 대상 아니야""",8
"[종합] ""더 나은 미래 만들자""…삼성·LG, 첫 기후산업 박람회서 기술력 뽐내",1
"[종합] ""삼성에 남용""…퀄컴, 공정위 과징금 '1兆 폭탄' 확정에 '휘청'",8
"[종합] ""삼성에 남용""…퀄컴, 공정위 과징금 '1兆 폭탄' 확정에 '휘청'",8
"[종합] ""삼성에 남용""…퀄컴, 공정위 과징금 '1兆 폭탄' 확정에 '휘청'",8
"[종합] 한종희삼성전자부회장 ""위기 극복 비결은 본질에 집중하는 것""",3
"[종합] 한종희삼성전자부회장 ""위기 극복 비결은 본질에 집중하는 것""",3
"[종합] 한종희삼성전자부회장 ""위기 극복 비결은 본질에 집중하는 것""",3
"[종합]반올림 ""삼성전자직업병 피해자 70명 사망했다""",4
"[종합]삼성전자, 특허침해소송관련 '국가핵심기술 유출 조사' 요청",8
[주간 증시 전망] “모든 자산 가격은 거품…꺼질 때 연착륙 없다”,7
"[주간 증시 전망] 어닝쇼크에도 삼전 주가 반등?…""굉장히 흥미롭다""",7
[주요 펀드상품 수익률 동향] 국내 주식형펀드 6주째 `플러스` 행진,7
[주요일정·18일] 이재용삼성전자부회장 '국정농단' 파기환송심 선고,4
[주요일정·18일] 이재용삼성전자부회장 '국정농단' 파기환송심 선고,4
[중국통] 사드 피해 가중…대중국 통상전략은?,7
"[중대재해법이 재해예방법 되려면] ""하청·특수고용노동자포괄한 의견수렴 ...",4
"[중대재해처벌법 시행 앞두고] 산업안전보건위 중요성 커지는데, 현실은 구멍...",4
"[중대재해처벌법 후폭풍]전자업계,안전강화 속 곳곳 우려감",4
[증권상품 풍향계] 참치 양식 성공하면 수익···이색펀드 주목,7
[증권소식] TIMEFOLIO액티브 ETF 상장 2주년/6월 IPO 4건 대기/올해 10종목 중...,3
"[증권소식] 국민연금,전자투표로 의결권 행사한다/신한서부티엔디리츠, 수요...",7
"[증권소식] 금감원 ""회계법인 작년 사업보고서 미흡 사항 249개""/SK증권, 전우...",7
"[증권소식] 금융위 ""M&A 규제 대폭 개선해 기업 구조조정 지원""/다음 주삼성...",5
[증권소식] '삼성글로벌메타버스펀드' 설정액 500억 돌파 등,7
[증권소식] 상반기 상장사 실적 '역대 최대'/'신라젠 BW 가장납입 설계' DB금...,7
"[증권소식] 이복현 금감원장 ""퍼펙트스톰 이미 시작""/한국투자신탁운용, OCIO...",7
"[증권소식] 한투 이어삼성증권, 신용융자 이자율 인하/IBK증권 신임 대표에 ...",7
"[증권소식]전자-자동차업계, 인건비 희비 엇갈려/금투협, 내달 ICSA 연차총회...",1
"[증권소식]전자-자동차업계, 인건비 희비 엇갈려/금투협, 내달 ICSA 연차총회...",1
"[증권소식]전자-자동차업계, 인건비 희비 엇갈려/금투협, 내달 ICSA 연차총회...",1
"[증시전망] “불확실성 크지만, 장기투자 유망” 한 목소리",7
"[지난주 증권업계 주요이슈]'고평가 논란' SK쉴더스, 상장 철회...종합금융투...",7
[진정성 논란 김기남삼성전자대표] 10분거리 장례식장 안가고 사고 숨기기 ...,4
"[창간 15주년/대한민국 미래시장 15국가] 이란, 한국상품 인지·선호도 높아....",7
[창간특집]안전사각지대 비정규직노동자현황과 대책,4
[초점] 숨 고르는 코스피…다음주 2400선 회복할까,7
"[초점] 中 반도체업계,삼성전자초격차 전략 따라잡기부터 '차근차근'",5
"[초점]삼성, 특허공룡 공격에 '정공법'···""먹잇감 사례 안된다""",8
[초점]삼성에 갑질한 美 브로드컴이 꺼낸 카드는,8
[최덕규 변리사의 특허이야기 ⑬] 걸음마 수준의특허권보호,8
[출발 서해안 시대] “설 앞두고 고물가·고금리 영향…체감경기 하락”,7
[취재수첩]삼성전자직업병 문제를 취재해야 하는 이유,4
[취재후] 애국가에도 등장하는 반도체노동자…‘산업 역군의 눈물’,4
[커버스토리] 국산SW 싣고 세계로 가는 기차 'GCS',7
[커버스토리] 국산SW 싣고 세계로 가는 기차 'GCS',7
[커버스토리] 수출기업 환율 파고 ‘이렇게’ 극복,7
"[컨설팅리포트] 경험 많은 기업 경영자가 불경기에 하는 일, 핵심인재확보",5
"[킹달러의 폭격]통화선도·스와프 등 환헷지 적극 나선 국내기업…""수출도 곧...",7
[탄소중립도시 부산] ⑦ 미 CES급 친환경 혁신 경연장 기후산업박람회,1
[탄소중립도시 부산] ⑦ 미 CES급 친환경 혁신 경연장 기후산업박람회,1
"[탄소중립이 살 길] 그린워싱 의심받는삼성전자, 단기 실천방안 시급해져",1
"[탄소중립이 살 길] 그린워싱 의심받는삼성전자, 단기 실천방안 시급해져",1
"[테크M 오리지널] 세탁기에서 TV까지,소송도 불사한 날 선 신경전",8
"[테크M 오리지널] 세탁기에서 TV까지,소송도 불사한 날 선 신경전",8
"[테크M 오리지널] 세탁기에서 TV까지,소송도 불사한 날 선 신경전",8
[투자 클리닉] 두 마리 토끼 잡는 해외투자,7
[특별인터뷰]사와무라 사토시 로옴 사장,7
[특집 - 미래가치가 핵심이다] 지배구조·혁신은 하위권 정보통신기술은 상위...,7
[특허법인 세움] 윤영진의 IP ISSUE #5. 네이버 前 직원의 직무발명소송에서...,8
[파월 쇼크] 국내기업들 초긴장…원자잿값 상승에 고환율 '이중고',7
"[팩트체크]野 ""원전은재생에너지가 아니다"" 사실일까",2
"[프라임이슈] 올해만 1만6000명,삼성공채 시작...'인재육성' 강조",5
"[하반기 이슈&전망]원화 강세 이어질 듯…기업들 ""대책 마련 분주""",7
[하청노동자의 눈물] (하) 고통 해결할 방안은,4
[한상춘의 지금 세계는] 원화 환율..어디까지 떨어질까?,7
"[현장]삼성전자, 고효율·초연결·친환경 3박자 갖춘 ‘비스포크’ 신제품 선...",2
"[현장]삼성전자주총, ""주주 무시하냐"" 항의에 박수 세례",3
"[현장]삼성전자주총, ""주주 무시하냐"" 항의에 박수 세례",3
"[현장]삼성전자주총, ""주주 무시하냐"" 항의에 박수 세례",3
[화제의 IT키워드] SKT 캡스 인수·삼성SDI 반등·윤석헌 금감원장·삼성미...,7
"[환율 1100원] ""車 조선 웃고, 철강 항공 울상""",7
[환율 속락에 리스크관리‘부심’] 기업들 하반기 경영전략 다시짠다,7
[환율에 울고웃는 현대차 계열사들..'그룹 통합관리'],7
[환율위기]환율전쟁 한국 경제 멍든다,7
`탄소정보` 요구기업 늘어 中企도 녹색경영 준비를,7
`탄소정보` 요구기업 늘어 中企도 녹색경영 준비를,7
`韓대표 브랜드` 1위삼성전자·2위 현대차,1
‘300조삼성반도체 단지 전력 어쩌나’ RE100 족쇄 풀어줄 CF100,1
‘300조삼성반도체 단지 전력 어쩌나’ RE100 족쇄 풀어줄 CF100,1
‘300조삼성반도체 단지 전력 어쩌나’ RE100 족쇄 풀어줄 CF100,1
"‘RE100’ 창시 국제단체 “한국,재생에너지목표치 더 높여야”",2
"‘RE100’ 창시 국제단체 “한국,재생에너지목표치 더 높여야”",2
"‘기후산업국제박람회’에서,삼성…미래 기후위한 지속가능일상 제안",2
"‘기후산업국제박람회’에서,삼성…미래 기후위한 지속가능일상 제안",2
"‘기후산업국제박람회’에서,삼성…미래 기후위한 지속가능일상 제안",2
"‘기후산업국제박람회’에서,삼성…미래 기후위한 지속가능일상 제안",2
"‘기후산업국제박람회’에서,삼성…미래 기후위한 지속가능일상 제안",2
"‘단기급등 부담’ 하반기 코스피, ‘속도조절’ 나설까",7
‘배당 펀드 유망’ 60%…원자재·그룹주 피하라,7
"‘불산유출’삼성전자,안전법규 1934건 위반…대국민 사과",4
‘삼성전자이산화탄소 누출’ 민관 합동조사 요청,4
‘삼성전자임원’ 출신 양향자 “기업에만 책임 지운다고 산재 막을 수 없어...,4
‘삼성전자임원’ 출신 양향자 “기업에만 책임 지운다고 산재 막을 수 없어...,4
"‘재용님으로 불러달라’, 황금 인맥 가진 외교사절 …취임 100일 이재용삼성...",5
"‘재용님으로 불러달라’, 황금 인맥 가진 외교사절 …취임 100일 이재용삼성...",5
"‘전력소모 낮추고, 성능 올리고’삼성전자, HKMG 공정 적용 고용량 DDR5 메...",6
"‘챗GPT’에 꽂힌삼성전자, 美 버지니아공대와 ‘맞춤형’ AI 메모리 개발",6
"‘초격차’삼성전자, 세계 최초 인공지능 HBM-PIM 개발 성공",6
"‘치솟는 환율’ 항공·철강, 부담 커져…미 배터리공장 투자 잠시 보류",7
"‘특허괴물’ 솔라스OLED,삼성LG 상대로 또 특허침해소송제기",8
"‘특허괴물’ 솔라스OLED,삼성LG 상대로 또 특허침해소송제기",8
“(대기업) 수급인노동자 안전·생명도 보호해야”,4
"“10만원 주가, 6만원 턱걸이”… 580만 개미 성토장 된삼성전자주총",3
"“10만원 주가, 6만원 턱걸이”… 580만 개미 성토장 된삼성전자주총",3
"“10만원 주가, 6만원 턱걸이”… 580만 개미 성토장 된삼성전자주총",5
“2030년까지 시스템 반도체에 171조원 투자”...삼성전자의 초격차 전략 가속...,4
“6월엔 국내주식형 펀드 주목”,7
"“AI에 쏠리는 관심, 고성능컴퓨팅(HPC) 수요 증가로 이어지고 있다”",6
"“AI에 쏠리는 관심, 고성능컴퓨팅(HPC) 수요 증가로 이어지고 있다”",6
"“경기침체에도 가고 싶은 회사로”삼성, 국내외서인재영입한창",5
“골병 들어도 산재는 먼 얘기”…삼성전자 노동자들의 하소연,4
“골병 들어도 산재는 먼 얘기”…삼성전자 노동자들의 하소연,4
“골병 들어도 산재는 먼 얘기”…삼성전자 노동자들의 하소연,4
“골병 들어도 산재는 먼 얘기”…삼성전자 노동자들의 하소연,4
“그 회사에서 데려왔어?”...‘재드래곤’의 미래인재 영입보니,5
"“근골격계질환에 감전, 개 물림까지”...방문노동자 안전은 어디에",7
"“내 노후자금 어쩌나”… 국민연금, 올 상반기 77조원 날렸다",7
“다녀올게” 오늘도 집으로 돌아오지 못한 사람들···“중대재해기업처벌법...,7
“다녀올게” 오늘도 집으로 돌아오지 못한 사람들···“중대재해기업처벌법...,7
"“대전, 나노반도체성지로 만들 것”…반도체특화단지 유치 올인",3
"“대전, 나노반도체성지로 만들 것”…반도체특화단지 유치 올인",3
"“대전, 나노반도체성지로 만들 것”…반도체특화단지 유치 올인",3
"“대전, 나노반도체성지로 만들 것”…반도체특화단지 유치 올인",3
"“모바일 AP시장 탈환”…삼성전자, 구글·AMD와 협력",6
"“미래 위한 ‘지속가능한 일상’ 느껴 보세요”…삼성, ‘WCE 2023’ 참가",1
"“반도체 시간이 온다”…야심작 출격한삼성전자, 비밀병기는",1
"“반도체 시간이 온다”…야심작 출격한삼성전자, 비밀병기는",1
“반도체 女 근로자 백혈병 사망위험2.3배”,7
“반도체 女 근로자 백혈병 사망위험2.3배”,7
"“반도체탄소 중립 달성 속도”…삼성전자, ‘전 과정 평가’ 체계 구축",3
“불합리한노동자죽음 그만” 중대재해기업 처벌 촉구,4
“불합리한노동자죽음 그만” 중대재해기업 처벌 촉구,4
“산재 신청 방해 없었다”던삼성전자…내부에선 “책임 통감”,4
“산재 신청 방해 없었다”던삼성전자…내부에선 “책임 통감”,4
“산재 신청 방해 없었다”던삼성전자…내부에선 “책임 통감”,4
“삼성기탁금 500억으로 ‘전자산업안전보건센터’ 건립”,4
“삼성기탁금 500억으로 ‘전자산업안전보건센터’ 건립”,4
“삼성기탁금 500억으로 ‘전자산업안전보건센터’ 건립”,4
"“삼성은 한국인, TSMC는 대만인” [민족주의로 쪼개진 반도체①]",5
"“삼성은 한국인, TSMC는 대만인”...IT인재들 자국으로",5
"“삼성은 한국인, TSMC는 대만인”...IT인재들 자국으로",5
"“삼성은 한국인, TSMC는 대만인”...IT인재들 자국으로",5
“삼성전자‘백혈병 기탁금’ 500억안전보건센터 건립 등에 쓸 것”,4
“삼성전자‘백혈병 기탁금’ 500억안전보건센터 건립 등에 쓸 것”,4
“삼성전자또 외계인 납치했나”...이번엔 ‘바람과 빛’ 첨단기술,3
"“삼성전자작업환경, 직업병과 연관 결론 어렵다”",4
"“삼성페이가 특허침해했다”…美 다이내믹스,소송제기",8
"“세무당국,삼성전자에 법인세 113억원 돌려줘야”",8
"“애플에 승소한 내 특허 보상해”삼성전자연구원, 회사에 2억여원 손배소송",8
“역시삼성전자”…국내 최초로 ‘최고 등급’ 받은 분야는,3
“올 19억달러 무역 적자 예상” 이윤호 장관,7
“올 19억달러 무역 적자 예상” 이윤호 장관,7
“유가·환율보다 경기 둔화가 더 걱정”,7
"“이재용의 동행 철학 빛난다”…삼성, AI 활용 지능형공장 ‘스마트공장 3.0...",1
“인공지능 탑재한 차세대 반도체”삼성전자세계 최초 개발,6
“인공지능 탑재한 차세대 반도체”삼성전자세계 최초 개발,6
"“주가 10만원대 들어와서 6만원 턱걸이, 주주 물로 보나”…동학개미 성토에...",3
"“주가 10만원대 들어와서 6만원 턱걸이, 주주 물로 보나”…동학개미 성토에...",3
"“주주가 호구냐” 한산한삼성전자주총장, 울화통 가득찼다",3
"“주주가 호구냐” 한산한삼성전자주총장, 울화통 가득찼다",3
“주주는 호구가 아니다”… 580만 개미 성토장 된삼성전자주총,3
“주주는 호구가 아니다”… 580만 개미 성토장 된삼성전자주총,3
“주주는 호구가 아니다”… 580만 개미 성토장 된삼성전자주총,3
“주주를 물로 보나”… 동학개미 성토장 된삼성전자주총,3
“주주를 물로 보나”… 동학개미 성토장 된삼성전자주총,3
“中·日도 특허소송대리” “전문성 폄훼”···커지는 변·변 갈등,8
“中·日도 특허소송대리” “전문성 폄훼”···커지는 변·변 갈등,8
“中·日도 특허소송대리” “전문성 폄훼”···커지는 변·변 갈등,8
"“지금은 재테크의 큰 기회… 단, 1년 버틸 분산투자 필수죠”",7
“집에 불났는데 고기 파티 한 격” 비상경영 선포하고 6억 주식 성과급 받은...,5
“탄소중립은 선택 아닌 생존” 부산서 세계 최초 기후기술박람회 개막,2
“탄소중립은 선택 아닌 생존” 부산서 세계 최초 기후기술박람회 개막,2
“한일 추가 압박ㆍ보복 이어지면 안돼… 중국이 중재하면 빨리 해결”,7
“험난한 반등의 길” 맷집좋은 리츠·자산주로 계좌 방파제 세워볼까 [선데이...,7
“환차손 줄여라” 기업들 비상,7
<PL법 7월1일 시행...기업들 막바지 준비작업>,7
<건설안전특집> 건설안전 우리 현장이 최고!,7
<고침>-경제(환율급락..산업계 '초비상'),7
<박재목 칼럼>금융무정부 위기와 비즈니스 프렌들리,7
<박재목 칼럼>금융무정부 위기와 비즈니스 프렌들리,7
<원화.유가.원자재'高高高'..경기회복 찬물>,7
<한국에삼성전자가 없다면?>삼성전자국내근무 외국인 1000명 돌파…美 석·...,5
<환율 급락..산업계 수출 '초비상'>,7
"<환율 급락> 산업계, 세자릿수 환율 '비상대기'",7
<환율 연일급락-산업계 수출차질 대응 비상>,7
<환율 장중 1천원선 붕괴..산업계 초비상>,7
<환율불안> 기업들 환율 요동에 불안,7
<환율불안> 수출 중소기업에 수익악화 직격탄,7
1$=100￥시대'…엔低 악재에 韓경제 휘청,7
1$=1000 시대 업종별 명암,7
"1.8t 철판에 깔려 숨진 청년노동자, 작년에도 산재 사고 당했다",4
10월 1주 주요 제조업 전망,7
11월 3주 주요 제조업 전망,7
"137조 AI 반도체 시장 '겨냥'…삼성전자, AI탑재 메모리 제품 확대",6
"137조 AI 반도체 시장 '겨냥'…삼성전자, AI탑재 메모리 제품 확대",6
"137조 AI 반도체 시장 '겨냥'…삼성전자, AI탑재 메모리 제품 확대",6
"13년 늦게 온 '삼성'의 사과 편지... ""이게 사과냐""",4
"13년 늦게 온 '삼성'의 사과 편지... ""이게 사과냐""",4
"1조 과징금 퀄컴, 불복소송오늘 선고…2년만 첫 법적 판단",8
"1兆 과징금소송결과는…특허공룡 퀄컴-공정위, 2년만 법적 판단",8
"1兆 과징금소송결과는…특허공룡 퀄컴-공정위, 2년만 법적 판단",8
"1초에 UHD 영화 2편 처리'…삼성전자, 12나노급 D램 양산 시작",1
1초에 UHD 영화 2편 처리한다…삼성전자또 앞서 나갔다,1
2000선 돌파는 무리? … 20% 수익 주는 ELS 주목하라,7
2000선 돌파는 무리? … 20% 수익 주는 ELS 주목하라,7
2011년 의사자산관리전략 10대 Point ②,7
"2023년 1분기 글로벌 TV 시장,삼성전자…프리미엄 TV 앞세워 1위 '3대중 1대...",1
"2023년 1분기 글로벌 TV 시장,삼성전자…프리미엄 TV 앞세워 1위 '3대중 1대...",1
"2050년 탄소중립 달성,삼성전자…반도체탄소배출 ‘전과정평가 검증' 완료",3
"2050년 탄소중립 달성,삼성전자…반도체탄소배출 ‘전과정평가 검증' 완료",3
"2050년 탄소중립 달성,삼성전자…반도체탄소배출 ‘전과정평가 검증' 완료",3
"2050탄소중립 선언'삼성전자, 에너지기술연구원과 '맞손'",1
"2050탄소중립 선언'삼성전자, 에너지기술연구원과 '맞손'",1
"20대노동자사망한 광주삼성전자협력업체, 책임 인정",4
23살 황유미 죽음 잊었나... 산재사망 여전히 年 2천명,4
2분기 이후엔 대체투자로위험관리를,7
"2억 화소' 괴물 카메라 탑재한 '갤S23'…삼성전자, 애플에 뺏긴 1위 탈환 승...",6
300조 투입되는 '용인 반도체산단'...재생에너지대책은 '나몰라라?',2
300조 투입되는 '용인 반도체산단'...재생에너지대책은 '나몰라라?',2
3월에만 69명이 집에 돌아가지 못했습니다 [이달의 기업살인],4
3월에만 69명이 집에 돌아가지 못했습니다 [이달의 기업살인],4
"4대 그룹, 부산 'WCE 2023' 참가…탄소중립 솔루션 선보인다",1
"4대 그룹, 부산 'WCE 2023' 참가…탄소중립 솔루션 선보인다",2
4월 4주 주요 제조업 전망,4
50 Forbes Korea FAST-GROWING STARTUPS 2023,5
"5만전자' 질타한삼성주총…한종희 ""시설투자 확대가 주주가치 도움""",3
"5만전자' 질타한삼성주총…한종희 ""시설투자 확대가 주주가치 도움""",3
5월 장세 전망과 주목 해야 할 종목,7
5월에 가입해 볼만한 펀드,7
6대 운용사 추천 '향후 10년 장기투자 펀드'는?,7
6대 운용사 추천 '향후 10년 장기투자 펀드'는?,7
8K TV로 되돌아본삼성·LG전자'갈등의 역사',8
9월 4주 주요 제조업 전망,7
9월 4주 주요 제조업 전망,7
Ⅱ. 제 2차 글로벌 쇼크 후 세계 경제를 보는 조감도,7
AI 진화에 '똑똑한 메모리' PIM 뜬다…삼성·SK의 다른 접근법,6
AI 판 키우는삼성전자…글로벌 인재 영입도 가속,5
AI 활용 ‘스마트 팩토리’ 운영… 계열사 90% ‘안전 전담조직’ 구축,7
AI모델-반도체-클라우드까지 한 번에…초거대 AI '풀스택' 대전,3
"BNK투자 “삼성전자주식 매수의견 유지, ESG경영 기업가치에 도움”",2
"BNK투자 “삼성전자주식 매수의견 유지, ESG경영 기업가치에 도움”",2
"BNK투자 “삼성전자주식 매수의견 유지, ESG경영 기업가치에 도움”",2
"CDP 한국위원회, 탄소경영 우수기업 선정",7
"EU “삼성전자-애플,특허권남용 우려”",8
"EU,삼성전자반독점법 위반 빠르면 연내 판결",8
"EU,삼성특허권남용 판단한 듯… 애플소송戰 새변수",8
"EUV 기술로…삼성, 5세대 D램 치고나간다",1
GSI ERP 도입 후 IT전략 2제,7
IBM 파워10 서버 내년 하반기 출시…삼성전자가프로세서생산,6
IBM 파워10 서버 내년 하반기 출시…삼성전자가프로세서생산,6
IBM 파워10 서버 내년 하반기 출시…삼성전자가프로세서생산,6
"IBM,삼성전자가 생산할 차세대 IBM 파워10프로세서공개.......최초 7㎚ 공...",6
IFA 2022' 출격하는삼성·LG…신가전 키워드는 '친환경·MZ',6
"IT 전문가부터 금융관료까지…보험업계, 외부인재 영입",5
"IT 전문가부터 금융관료까지…보험업계, 외부인재 영입",5
ITC “삼성전자특허 침해 여부 조사”…LTE 스마트폰·태블릿 대상,8
JY 100일 … 핵심 키워드는 '인재·네트워크',5
"JY취임 후 첫 주총…삼성전자""새 성장엔진은 캄테크·로봇""",3
"JY취임 후 첫 주총…삼성전자""새 성장엔진은 캄테크·로봇""",3
"JY취임 후 첫 주총…삼성전자""새 성장엔진은 캄테크·로봇""",3
"KAIST·서울대, 산업계와탄소중립 기술혁신·인재양성",1
"KAIST·서울대, 산업계와탄소중립 기술혁신·인재양성",1
"KAIST-서울대,탄소중립 인재양성 위한 공동 포럼 개최",1
"KAIST-서울대,탄소중립 핵심 인재 키운다",1
"KAIST-서울대,탄소중립 혁신기술 인재양성 공동 포럼",1
"KAIST-서울대,탄소중립 혁신기술 인재양성 공동 포럼",1
LG·삼성'AI 절약 모드'…나주에너지자립도시 만든다,2
"LG유플러스, 현대엘리베이터와 미리뷰 개발…삼성전자, 반도체 설계용 AI에 4...",6
LG전자독일 특허괴물과 합의…삼성은소송유지,8
"LG전자등 한국기업 4곳, 미국기업의 '광학필터 특허침해'소송당해",8
"LG전자재해율, 동일한 산출방식으로도삼성전자보다 9배 높아",4
"LG필립스LCD,삼성전자.일본.대만업체상대특허권침해소송",8
"LG화학 ""SK와소송, 10월 전 합의가능‥원만한 해결기대""",8
"MS,삼성전자에특허권 소송…왜?",8
"MS,삼성전자에특허권 소송…왜?",8
OLED 특허침해소송낸 솔라스 손들어준 美 배심원…삼성710억 배상하나,8
OLED 특허침해소송낸 솔라스 손들어준 美 배심원…삼성710억 배상하나,8
"Part 5. 타 산업 경쟁력 좌우하는 물류, 핵심가치는?",7
Samsung Electronics struggles to fend off patent trolls in lawsuits (삼성...,8
"SK하이닉스, ‘반도체공장노동자백혈병 논란’ 자체 실태조사 나서…“삼성...",4
"Strategic Insight, 8월 전략: Reflation Again - 한국투자",7
"TSMC·삼성전자, 팹 증설 마찰 최소화···초순수 확보 나서",3
UHD 영화 2편 '1초'…삼성전자차세대 메모리 DDR5 개발,6
"UN ""삼성전자반도체 직업병 해결 환영…올바른 방향""",4
"가대위,삼성전자온양사업장 방문해 작업 환경 점검",4
가을 성공 투자를 위한 고수 10인의 재테크 훈수,7
가치투자 시대…주식이 생활 필수로,7
가치투자 시대…주식이 생활 필수로,7
"가트너, 아태지역 10대 공급망 우수 기업 발표… 국내 기업은?",7
"갤럭시 성공 스토리 주역 이영희,삼성전자첫 여성 사장 오르다",5
"갤럭시 성공 스토리 주역 이영희,삼성전자첫 여성 사장 오르다",5
"갤럭시 전용칩' 속도 내는삼성전자, '언팩'서 AP 개발 성과 공개하나",5
"갤럭시 전용칩' 속도 내는삼성전자, '언팩'서 AP 개발 성과 공개하나",5
"갤럭시북3' 공개 초읽기삼성전자, 맥북 프로 제칠까",6
"거래소 ""메릴린치 등 '단타' 규제강화...코스피도 특례상장 도입""",7
"경계현삼성전자사장, ""혁신적 기술 개발·투자 전념""",3
"경영안정에 힘 실은삼성전자…한종희, VD·생활가전사업부장 겸직 유지",5
"경영안정에 힘 실은삼성전자…한종희, VD·생활가전사업부장 겸직 유지",5
경찰 '이산화탄소 누출'삼성전자현장감식… 원인규명 착수,4
"고려아연·삼성전자등 11개사, 하청업체 산재 사고사망 비중 높아",4
"고려아연삼성전자포스코 등 11개사, 하청노동자사망사고율 높은 사업장 명...",4
"고려아연삼성전자포스코 등 11개사, 하청노동자사망사고율 높은 사업장 명...",4
고수 5인의 2월 투자열전,7
"고용부 ""삼성전자반도체공장안전관리개선하라""",4
"고용부, 하청노동자사고사망 비중이 높은 원청사업장 명단 공표",4
고환율 공포 언제까지…'초비상' 걸린 기업들,7
"곤두박질 코스피, 반등은 언제?",7
공정용물말라간다.. 속타는반도체업계,3
"공정위 ""삼성애플 상대소송특허권남용 아니다""",8
"공정위 ""삼성의 애플 상대 특허소송특허권남용 아냐""",8
"공정위 ""삼성의 애플 상대 특허소송특허권남용 아냐""(종합)",8
"공정위 ""애플 상대 특허소송,특허권남용 아냐""삼성손 들어",8
"공정위 ""애플 상대삼성특허소송특허권남용 아냐""",8
"공정위 “삼성전자, 애플 상대소송…특허권남용 아니다”",8
"공정위,삼성전자·애플특허권싸움에서삼성전자손 들어줘",8
"공정위,특허권남용소송서삼성손 들어줘… 애플 ""실망스럽다""",8
"공정하다'며 성과급 추진하는 정부, 이미 도입한삼성에 물어보니…",4
과학강국 출발은 지식재산 보호…지재委소송전문성 키운다,8
과학강국 출발은 지식재산 보호…지재委소송전문성 키운다,8
"관리의삼성, '데이터 경영' 위해 컨설팅 업계인재영입나서",5
"관리의삼성, '데이터 경영' 위해 컨설팅 업계인재영입나서",5
"관리의삼성, '데이터 경영' 위해 컨설팅 업계인재영입나서",5
"구글·애플 대규모 감원할 때…이재용, S급인재'싹쓸이영입'",5
"구글·애플 대규모 감원할 때…이재용, S급인재'싹쓸이영입'",5
"구글·애플 대규모 감원할 때…이재용, S급인재'싹쓸이영입'",5
국내 기술·특허 놓고 미국서 벌어진삼성전자100억대소송…쟁점은?,8
국내 기술·특허 놓고 미국서 벌어진삼성전자100억대소송…쟁점은?,8
국내 브랜드 가치 1위는삼성전자…LG에너지솔루션·오리온도 50위 안에,1
국내 브랜드 가치 1위는삼성전자…LG에너지솔루션·오리온도 50위 안에,1
국내보유 특허 해외 매각때 韓기업에소송못걸게 해야,8
국내보유 특허 해외 매각때 韓기업에소송못걸게 해야,8
국내선 IT·중소형주 해외선 러시아·브라질,7
국내선 IT·중소형주 해외선 러시아·브라질,7
국세청 ‘MS 법인세 반환소송’ 승소…특허권관련 2조대 유사소송에 ‘긍정...,8
국제유가·환율 10% 상승 때마다 무역적자 3.6% 늘어난다,7
권오현삼성전자회장 연봉 ‘243억’…“업적 비해 저평가됐다”,4
귀국한 JY…美서 22일간 매일 한 명씩 빅샷 만나삼성미래 구상,5
그린워싱으로도 못 감추는 온실가스 배출,4
글로벌 노동 착취 사과했지만…삼성의 반박은 틀렸다 [더(The)친절한 기자들],4
글로벌 완성차업계의 하반기 실적전망 ‘흐림’,7
"글로벌 인재흡수하는삼성, 우버 출신 임원영입",5
글로벌'AI'인재모시기에삼성·LG도 참전,5
글로벌'AI'인재모시기에삼성·LG도 참전,5
"글로벌IT인재영입나선삼성전자, 신성장 동력 확보 '시동'",5
"글로벌IT인재영입나선삼성전자, 신성장 동력 확보 '시동'",5
글로벌반도체 업계인재확보 전쟁… 12살 영재 아이디어도 적극 채택,5
글로벌삼성의 위험한 공장 ①안전 관리자의 고백,4
글로벌삼성의 위험한 공장 ② 7년 악취의 비밀,4
글로벌삼성의 위험한 공장 ③ 위험은 진화한다,4
글로벌삼성의 위험한 공장⑤ 구멍난 '관리의삼성',4
글로벌오디오인재영입나선삼성…'듣는 기술'까지 초격차 정조준,5
"금리 인상기' 재테크 고수조언…""하반기 자산시장 조정…현금 30% 확보하라""",7
"금융투자위험급증에, 국세청 부담백배…미국 증세의 나비효과",7
"급변하는 세계경제, 내 돈은 안녕한가?",7
"기능은 강화, 전력소비는 줄였다…삼성전자디스플레이도 '친환경'",2
기술·인재챙기며 동분서주…'뉴삼성' 초석 다진 JY,5
기술·인재챙기며 동분서주…'뉴삼성' 초석 다진 JY,5
"기업들 다시 '환율쇼크'…""100원 내리면 수천억 날아간다""(종합2보)",7
"기업들 다시 '환율쇼크'…""100원 내리면 수천억 날아간다""(종합2보)",7
기획재정부 대통령 업무보고 전문,7
기후산업국제박람회 부산서 개막,2
기후산업국제박람회 부산서 개막,2
기후산업국제박람회 부산서 개막,2
"기후산업국제박람회 화려한 개막…최태원 ""탄소감축, 파괴적 혁신 필요""(종합...",1
"기후산업국제박람회 화려한 개막…최태원 ""탄소감축, 파괴적 혁신 필요""(종합...",1
"기후산업국제박람회 화려한 개막…최태원 ""탄소감축, 파괴적 혁신 필요""(종합...",1
기후위기 대응 아이디어가 꿈틀댄다,2
기후위기 대응 아이디어가 꿈틀댄다,2
기후위기 대응 아이디어가 꿈틀댄다,2
김준송 전 리먼브라더스은행 한국대표 “주식 시장에서 살아남기 위해 가장 중...,7
꿀잠 돕는'슬립테크'…자금·인재빨아들이는 '블랙홀',5
"난소암 사망'삼성반도체노동자, 첫 산재 인정받다",4
내년 경영 곳곳 지뢰밭…리스크 강화 ‘올인’,7
내년 경영 곳곳 지뢰밭…리스크 강화 ‘올인’,7
"냉혹한 현실' 강조한 이재용,삼성전자DNA 바꾼다",8
"냉혹한 현실' 강조한 이재용,삼성전자DNA 바꾼다",8
네덜란드법원삼성특허권 소송서 애플에 `부분 승소` 판결,8
"네이버, 초거대 AI '최고전략책임자' 이탈…인재쟁탈전 밀려",5
"네트워크 사업 강화하는 이재용, 에릭슨 출신 임원 2명영입",5
네트워크 사업 힘주는삼성전자…5G 넘어 6G 시대까지 선도한다,5
네트워크 사업 힘주는삼성전자…5G 넘어 6G 시대까지 선도한다,5
"노동부, 반도체 교육…인재양성 지원 사격",4
"노동부,삼성전자기흥공장 등 하청사망사고 비중 높은 11개 원청 명단 공개",4
노동자가 시각을 잃었을 때 벌어지는 일,4
노동자가 죽었지만... 신문은 또 침묵했다,4
노동자들의 희생에 자라난 '건강하게 퇴근할 권리'[노동:판],4
"눈에는 눈…삼성전자, 화웨이에 특허침해소송",8
"뉴욕증시 비트코인 휘청, FOMC 끝내 테이퍼링 착수 국채금리 유가 환율 비상",7
"뉴욕증시 비트코인 휘청, FOMC 테이퍼링 공식발표 국채금리 국제유가 달러환율...",7
"뉴욕증시 비트코인 휘청, FOMC 테이퍼링 발표 국채금리 유가 환율 ""이상 기류...",7
"뉴욕증시 비트코인 흔들, 미국 달러 초강세 환율 대란 연준 테이퍼링 금리인상",7
"능력이 우선'···KB, 디지털·재무·자산운용 외부 전문가영입",5
"다니엘 리삼성전자AI센터장, 보직 이동…협력은 지속",5
다발성경화증'도삼성직업병으로 인정받았다,4
다사다난했던 2007년을 되돌아보며…,7
대기업 '환율 멀미' 협력사 돕자,7
대기업·금융권·기관인재대거영입···계묘년(癸卯年)에 주목받을 '이 분...,5
"대법원, MS 6천억 원대 법인세 반환소송내일 결론",8
대법원은 왜 특허사용 법인세소송서삼성전자손을 들어줬나,8
대한민국 50대 브랜드 총가치 201조…삼성전자102조 차지해,1
대한민국 50대 브랜드 총가치 201조…삼성전자102조 차지해,1
대한민국 50대 브랜드 총가치 201조…삼성전자102조 차지해,1
"대한상의 최태원 ""탄소중립위해 기업 파괴적 혁신 필요""",1
더 나은 미래 기후를 위한 '삼성'의 혁신 기술,2
더 쉽게재생에너지를 구매하는 법 [지구를 구하는 기후테크],2
더 쉽게재생에너지를 구매하는 법 [지구를 구하는 기후테크],2
"도쿄선언' 40돌 맞은삼성, '인재=미래' JY 철학 따라 반도체 신화 잇는다",5
"동네에서 일어난노동자의 죽음, 청년은 A4 종이에 대자보를 썼다",4
동시다발 악재로 경기침체 공포에 잠식된 증시…2600선도위험하다,7
디스플레이노동자‘아버지’…첫 태아산재 신청,4
또 하나의 가족에게삼성이 한 일,4
또 하나의 가족에게삼성이 한 일,4
또 하나의 가족에게삼성이 한 일,4
또다른 구의역 참사삼성수리노동자추락사,4
"또삼성유해가스 유출, 반복되는노동자의 죽음",4
뜨거운 감자' LG 모바일 특허 누가 먹나? …삼성전자도 촉각 곤두세워,8
뜨거운 감자' LG 모바일 특허 누가 먹나? …삼성전자도 촉각 곤두세워,8
"램리서치·퀄컴맨…' 이재용 부회장,글로벌 인재수혈 속도",5
"러시아 대법원,삼성스마트폰 판매금지 위법 인정…특허 침해소송일단락",8
"롯데, 2023년 정기 임원인사 단행...""젊은 리더십·외부 전문가 적극영입""",5
"롯데, 정기 임원인사 실시…젊은 리더십·외부인재 영입지속",5
"롯데, 정기 임원인사 실시…젊은 리더십·외부인재 영입지속",5
롯데그룹 모태 롯데제과도 외부인재수혈...LG 출신 이창엽영입,5
"롯데그룹, 정기 임원인사 단행…""젊은 리더십 전면화·외부 전문가영입""",5
"롯데그룹, 정기 임원인사…""젊어진 CEO?외부인재수혈 지속""",5
마이크론에 칼 빼든 중국… 한국반도체에 보내는 경고일까,3
마이크론에 칼 빼든 중국… 한국반도체에 보내는 경고일까,3
"메모리·인공지능프로세서하나로 합쳤다…삼성전자, 세계 최초 AI HBM-PIM ...",6
"메모리·인공지능프로세서하나로 합쳤다…삼성전자, 세계 최초 AI HBM-PIM ...",6
"메모리에 AI 엔진 탑재···삼성전자, 세계 최초 인공지능 HBM-PIM 개발",6
"메타·아마존인재흡수하는삼성리서치아메리카…비결은 ""월등한 기기""",5
"명함, 다이어리, 사보 다 바꿔..'탄소줄이기' 사활 건 대기업들",1
"명함도, 업무용 車도 친환경… '탄소줄이기' 사활 건 기업들 [ESG 경영 눈치...",1
"모바일AP 5위로 추락한삼성, 해법은 중국인재 영입?",5
모바일부터 차량용까지…시스템반도체 키우는삼성전자,5
무탄소에너지(CFE)포럼 출범...재생에너지만 고집할 필요 없어,2
무탄소에너지(CFE)포럼 출범...재생에너지만 고집할 필요 없어,2
무탄소에너지(CFE)포럼 출범...재생에너지만 고집할 필요 없어,2
"문 대통령, 선호씨 빈소 찾아 “노동자 안전약속했는데 송구하다”",4
"문 대통령,삼성전자평택단지 3라인 건설현장 방문",4
물류 사업 힘주는삼성SDS...효자 사업 '첼로스퀘어' 고도화 박차,1
물류 사업 힘주는삼성SDS...효자 사업 '첼로스퀘어' 고도화 박차,1
"뮬러 ""원전이 기후변화 해결책""…최태원 ""기업이탄소해결자 돼야""",1
"뮬러 ""원전이 기후변화 해결책""…최태원 ""기업이탄소해결자 돼야""",1
"美 ITC ""삼성전자스마트폰·태블릿 특허침해 여부 조사""",8
"美 ITC ""삼성전자스마트폰·태블릿 특허침해 여부 조사""",8
"미 ITC ""삼성전자스마트폰·태블릿 특허침해 여부 조사""(종합)",8
"美 ITC,삼성?LG 특허 침해 조사 착수…유럽 ‘특허괴물’이소송제기",8
"美 ITC,삼성?LG 특허 침해 조사 착수…유럽 ‘특허괴물’이소송제기",8
"미 ITC,삼성·LG·애플 등 글로벌 IT기업 특허침해 조사",8
"美 ITC,삼성·LG전자상대 'TV기술 특허침해' 조사 착수",8
"美 ITC,삼성·LG전자상대 'TV기술 특허침해' 조사 착수",8
"美 ITC,삼성·LG전자상대 'TV기술 특허침해' 조사 착수",8
"美 ITC,삼성·애플 등 터치스크린 특허침해 조사",8
"美 ITC,삼성·하이닉스 SSD특허권침해 여부 조사",8
"미 ITC,삼성전자·LG전자특허침해소송조사 착수",8
"미 ITC,삼성전자·LG전자특허침해소송조사 착수",8
"美 관세법 337조' 악용하는 특허괴물, 잇단소송으로 글로벌 기업들 몸살",8
"美 관세법 337조' 악용하는 특허괴물, 잇단소송으로 글로벌 기업들 몸살",8
"美 관세법 337조' 악용하는 특허괴물, 잇단소송으로 글로벌 기업들 몸살",8
"美 금리 인상 임박…재계, 수출 영향 등 파장 분석 '분주'",7
"미 금리 인상 코앞, 핵심 성장주(스마트카 OLED 미디어) 담을 때",7
"美 업체 디빅스, 특허 침해소송에 이어 ITC에삼성LG 제소",8
"美 업체 디빅스, 특허 침해소송에 이어 ITC에삼성LG 제소",8
"美 업체 디빅스, 특허 침해소송에 이어 ITC에삼성LG 제소",8
"美 '특허괴물' 또삼성전자공격…""갤럭시S22 등 우리 기술 침해""",8
"미 항소법원 ""퀄컴, 반독점법 위반 안했다""…1심 판결 뒤집어..애플삼성영향...",8
美 환율압박에 韓 기업 이익 수조원 줄어들판,7
"美, 반도체지원 '당근'으로 中과 디커플링 압박…한국의 선택은(종합)",7
"美ITC,삼성전자가 제기한 에릭슨 '특허침해' 조사한다",8
"美ITC,삼성전자가 제기한 에릭슨 '특허침해' 조사한다",8
"美ITC,삼성전자상대 '통신기술' 특허침해 조사 개시",8
"美ITC,삼성전자상대 '통신기술' 특허침해 조사 개시",8
"미국 법무부, 연방 대법원에 애플·삼성특허권 소송파기환송 요구",8
"미국 법무부, 연방 대법원에 애플·삼성특허권 소송파기환송 요구",8
"미국 환경청·에너지부 ‘에너지스타상’,삼성전자…최고상 ‘2관왕’",2
"미국 환경청·에너지부 ‘에너지스타상’,삼성전자…최고상 ‘2관왕’",2
미국서 '반독점법 위반' 혐의 벗은 퀄컴…촉각 곤두세우는삼성·LG [황정수의...,8
"美국제무역위원회,삼성전자-에릭슨 특허분쟁 조사 진행키로",8
미리보는 매일경제신문 (3월 5일),7
"美무역위원회,삼성전자상대로 '특허침해' 조사 개시",8
"美무역위원회,삼성전자상대로 '특허침해' 조사 개시",8
美반도체팹에 멸종위기 나비 정거장..삼성이 지구에 투자하는 법,3
"美서 동에 번쩍 서에 번쩍…'뉴삼성' 꾸릴 이재용, 22일간 만난 사람은",5
"민주 ""삼성전자,안전관리3류기업 오명""",4
"바이오·AI·모빌리티… 이재용, 최장기 美출장 종횡무진",5
"바이오헬스인재양성 나선 정부, 빠른 변화와 소통 필요하다 [보건의료 리포...",5
"박두용 이사장 ""삼성기탁금 500억,전자산업안전보건센터 건립""",4
"박두용 이사장 ""삼성기탁금 500억,전자산업안전보건센터 건립""",4
반도체 공장서 8년... '희귀병' 진단 받은노동자이야기,4
반도체 백혈병'삼성기탁금 500억으로 '전자산업안전보건센터' 설립,4
반도체 '인력' 쟁탈전···인재확보 비상,5
"반도체 장비 국산화 힘쓰는 '이 회사',삼성임원 대거영입[뒷북비즈]",5
반도체 정보공개' 논란…삼성전자'행정소송',4
"반도체 해외기업,삼성전자·SK하이닉스 대상 줄잇는 ‘꼼수소송’",8
반도체공정과노동자혈액암 상관관계 드러났지만 갈 길은 멀다,4
반도체노동자들의 삶과 건강을 지키는 ‘황유미법’을 만들자,4
"반도체노동자의 백혈병 문제삼성전자, 공식 사과와 보상 밝혀",4
반도체노동자특수건강진단 늦게 해도 괜찮다?,4
반도체만드는데 물을 이렇게 많이 써?삼성이 ‘수달’까지 내세운 이유 [김...,3
반도체인재인가요? 취업 비자 바로 나왔습니다,5
"반올림 ""삼성전자LCD 생산직 뇌종양 환자, 10년만에 산재 인정""",4
"반올림 “근로복지공단,삼성반도체노동자악성림프종 첫 산재 인정”",4
"반올림,삼성사옥 앞 농성 1천일…""노동자 안전보장하라"" 시위",4
"반올림,삼성사옥 앞 농성 1천일…""노동자 안전보장하라"" 시위",4
배달 한 번에 '최악의 발명품' 산더미…우리 집서 골칫거리 쏟아진다,2
배달 한 번에 '최악의 발명품' 산더미…우리 집서 골칫거리 쏟아진다,2
배달 한 번에 '최악의 발명품' 산더미…우리 집서 골칫거리 쏟아진다,2
백혈병 사과보다삼성이 ‘걱정’인 조선일보,4
"법원 ""당국이삼성전자-MS 로열티에 징수한 법인세 113억원 돌려줘야""",8
"법원 ""삼성전자-MS 로열티에 징수한 법인세 113억원 취소하라""",8
"법원 ""삼성전자-MS특허권로열티 법인세 113억원 위법하다""",8
"법원 ""삼성전자-MS특허권로열티 법인세 113억원 위법하다""",8
"법원, 반도체 하청업체노동자유방암 ‘산재 인정’",4
"법원,삼성반도체노동자희귀질환 산재 첫 인정",4
"법원의삼성전자 안전진단보고서 공개 결정, 환영한다",4
베트남삼성휴대폰 제조 공장노동자사망 사건에 언론은삼성입장 되풀이,4
"벡스코에 모인 500여개 기업, 저마다 신기술 뽐내",2
복지공단 이사장 후보에 '삼성전자'안전보건 고문 논란,4
부글부글 끓는 投心..1200선 무너지나,7
"부산 '기후산업박람회'에 참석한삼성, 현대차, SK 키워드는? | '지속 가능',...",1
"부산 '기후산업박람회'에 참석한삼성, 현대차, SK 키워드는? | '지속 가능',...",1
"부산 '기후산업박람회'에 참석한삼성, 현대차, SK 키워드는? | '지속가능',...",2
"부산에 모인삼성·LG·구글·엑스모빌... 최태원 ""기업, 탄소해결자 역할하자...",2
"부산에 모인삼성·LG·구글·엑스모빌... 최태원 ""기업, 탄소해결자 역할하자...",2
"부산에 모인삼성·LG·구글·엑스모빌... 최태원 ""기업, 탄소해결자 역할하자...",2
"불산 누출'삼성전자, 여전히 '녹색기업'?",4
"불황일수록…삼성, 공격적인재확보",5
"브렉시트발 환폭풍, 수출산업 업종별로 희비",7
"비스포크 라이프' 실현…삼성전자""초고효율·초연결성 강화""",2
빅테크글로벌감원에삼성'인재영입' 속도전,5
"사망 사고삼성협력사, 중대 재해 책임 인정",4
"사실로 드러난삼성전자'산업재해 은폐', 언론보도는 3건",4
"사실로 드러난삼성전자'산업재해 은폐', 언론보도는 3건",4
산업계 위기 대응책 마련 부심,7
"산업계, 원화강세에 골머리…대책 마련 부심",7
"산자부, 수출중소기업의 환위험관리적극 지원키로",7
산자부，환변동보험 수수료 인하키로…수출기업 애로 해소에 총력,7
"삼성""스마트폰 점유율 잡아라""…벤츠·애플 'S급인재'영입",5
"삼성""중소기업?지역과 함께 성장""...'스마트공장 3.0' 지원 시작",1
"삼성, ‘기후산업국제박람회’서 지속가능 일상 제안",1
"삼성, ‘기후산업국제박람회’서 지속가능 일상 제안",1
"삼성, ‘기후산업국제박람회’서 지속가능 일상 제안",1
"삼성, ‘기후산업국제박람회’서 지속가능성 갖춘 제품·기술 공유",1
"삼성, ‘기후산업국제박람회’서 지속가능일상 제안",2
"삼성, 27일까지 기후산업국제박람회에삼성홍보관 열어",1
"삼성, 27일까지 기후산업국제박람회에삼성홍보관 열어",1
"삼성, 300억 투자 中企?지역과 미래 동행-'스마트공장 3.0' 시작",1
"삼성, 300억 투자해 600곳 '스마트공장 구축·고도화' 지원",1
"삼성, 300억 투자해 중소기업 스마트공장 구축 지원",1
"삼성, 'WCE 2023'서 지속가능한 친환경 기술 선봬",1
"삼성, 'WCE 2023'서 지속가능한 친환경 기술 선봬",2
"삼성, WCE 2023에서 친환경 통한 지속가능한 일상 제안",1
"삼성, WCE 2023에서 혁신·지속가능성 갖춘 제품과 기술 선보인다",1
"삼성, WCE 2023에서 혁신·지속가능성 갖춘 제품과 기술 선보인다",1
"삼성, '국제수자원관리동맹' 최고 등급 인증 획득",3
"삼성, 기후산업국제박람회 참가… 지속가능한 일상 제안",1
"삼성, '기후산업국제박람회' 참가…SK하이닉스, 美 IT 전시회서 '최신 메모리...",1
"삼성, '기후산업국제박람회' 참가…SK하이닉스, 美 IT 전시회서 '최신 메모리...",1
"삼성, '기후산업국제박람회'서 가전·반도체·배터리 기술 선봬",2
"삼성, 기후산업국제박람회서 미래 기후 위한 지속 가능 일상 제안",1
"삼성, 기후산업국제박람회서 미래 기후 위한 지속 가능 일상 제안",1
"삼성, '기후산업국제박람회'서 지속 가능한 일상 제안",1
"삼성, '기후산업국제박람회'서 지속 가능한 일상 제안",1
"삼성, '기후산업국제박람회'서 지속가능성 제품·기술 소개",2
"삼성, '기후산업국제박람회'서 지속가능한 일상 제안",1
"삼성, '기후산업국제박람회'서 환경 가치 창출 사업 소개",2
"삼성, '기후산업국제박람회'에서 미래 기후 위한 일상 제안",2
"삼성, '기후산업국제박람회'에서 미래 기후 위한 지속가능한 일상 제안",1
"삼성, '기후산업국제박람회'에서 미래 기후 위한 지속가능한 일상 제안",1
"삼성, 기후산업박람회서 ' 반도체·배터리'탄소중립 기술 선보인다",1
"삼성, 美 특허괴물과소송서 이겼다",8
"삼성, 미래 기후와 환경 위한 지속가능 일상 제안",1
"삼성, 미래 기후와 환경 위한 지속가능 일상 제안",1
"삼성, 세계 최초 메모리 반도체와 AI프로세서결합 'HBM-PIM' 개발",6
"삼성, 세계 최초 메모리 반도체와 AI프로세서결합 'HBM-PIM' 개발",6
"삼성, 세계 최초 메모리 반도체와 AI프로세서결합 'HBM-PIM' 개발",6
"삼성, '스마트공장 3.0' 시작...""中企·지역과 함께 성장한다""",1
"삼성, '스마트공장 3.0' 시작?지자체·중소기업 함께 한다",1
"삼성, 스마트공장 3.0 시작…매년 100억원 3년간 투자",1
"삼성, '스마트공장 3.0' 시작…인구소멸 위험 지역 기업 지원",1
"삼성, '스마트공장 3.0' 시작…인구소멸 위험 지역 기업 지원",1
"삼성, 애플 반도체 전문가영입…AP 개발팀 진용 갖춘다",5
"삼성, 에릭슨과 특허분쟁 '점입가경'…美ITC에 추가소송",8
"삼성, 에릭슨과 특허분쟁 '점입가경'…美ITC에 추가소송",8
"삼성, 에릭슨에 특허침해소송맞대응",8
"삼성, 열정·창의혁신·도덕성 다 갖춘글로벌전문가 육성",5
"삼성, 이재용 ‘동행’ 철학 담은 ‘스마트공장 3.0’ 시작…총 300억 투입",1
"삼성, 이재용 철학 담은 '스마트공장 3.0'사업 시작…""中企·지역지원""",1
"삼성, 재생에너지 기술개발…에너지믹스?E통합솔루션 '구현'",1
"삼성, 조용한 창립 85주년…'투자·인재' 뉴삼성은 속도",5
"삼성, 중기 600곳 스마트공장 고도화에 300억 지원",1
"삼성, 中企 스마트공장 구축·고도화에 3년간 300억 투자",1
"삼성, 中企?지역과 함께 성장하는 '스마트공장 3.0' 스타트…3년간 300억 투...",1
"삼성, 中企?지역과 함께 성장하는 '스마트공장 3.0' 스타트…3년간 300억 투...",1
"삼성, 中企?지역과 함께 성장하는 '스마트공장 3.0' 시작",1
"삼성, 中企?지역과 함께 성장하는 '스마트공장 3.0' 시작",1
"삼성, 中企?지역과 함께 성장하는 '스마트공장 3.0' 시작",1
"삼성, 中企·지역 상생 도모 '스마트공장 3.0' 사업 착수",1
"삼성, 중기·지역과 함께 성장하는 ‘스마트공장 3.0’ 시작",1
"삼성, 中企·지역과 함께 성장하는 '스마트공장 3.0' 시작",1
"삼성, 중소기업 스마트공장 고도화에 3년간 300억원 투입",1
"삼성, 중소기업?지역과 함께 성장하는 '스마트공장 3.0' 시작",1
"삼성, 중소기업·지역 상생 '스마트공장 3.0' 시작",1
"삼성, 중소기업·지역과 함께 성장하는 ‘스마트공장 3.0’ 시작",1
"삼성, 중소기업·지역과 함께 성장하는 ‘스마트공장 3.0’ 시작",1
"삼성, 지역 중기와 동반 성장 '스마트공장 3.0' 사업 착수",1
"삼성, 지역 중소기업과 함께 인공지능 데이터 기술 활용 '스마트공장 3.0' 사...",1
"삼성, 특허 놓고 에릭슨과 ITC서 한판 승부...갈등 커지면 6G 협업도 삐걱",8
"삼성,글로벌 인재영입속도… 신사업TF장에 정성택영입",5
삼성‘반도체 백혈병’ 11년만에 마침표…“고통받은 직원·가족 진심으로 사...,4
삼성“중소기업?지역과 함께 성장하자”…‘스마트공장 3.0’ 지원 사업 시...,1
"삼성·LG '50년 TV전쟁', 흑백·컬러TV에서 'OLED·QLED 8K TV'까지...신기술...",8
삼성·LG 동시에 특허소송휘말려... 상대는 유럽 ‘특허괴물’,8
삼성·LG 등 국내외 500여 기업 '기후위기' 대응에 '한 뜻',2
삼성·LG 등 국내외 500여 기업 '기후위기' 대응에 '한 뜻',2
"삼성·LG, ‘기후산업국제박람회’ 참가…지속가능성 갖춘 제품·기술 소개",1
"삼성·LG, ‘친환경 기술력’으로 세계를 주름잡다",2
"삼성·LG, 기후산업국제박람회 참가…지속가능한 미래 전시",2
"삼성·LG, 美 '에너지스타상' 최고상 수상…""에너지절감 성과 인정""",2
"삼성·LG, 미국서 '에너지스타' 됐다…최고 권위 환경상 수상(종합)",2
"삼성·LG, 미국에너지스타상 수상 행진 이어가",2
"삼성·LG, 美에너지스타상 '지속가능최우수상' 수상",2
"삼성·LG, 부산 'WCE2023'에서 '지속가능한 미래' 기술 소개…부산엑스포 유치...",1
"삼성·LG, 부산 'WCE2023'에서 '지속가능한 미래' 기술 소개…부산엑스포 유치...",1
"삼성·LG, 부산 기후산업국제박람회 참가…친환경 기술 선봬",1
"삼성·LG, 부산 기후산업국제박람회서 친환경 제품·기술 선보여",1
"삼성·LG, 부산 기후산업국제박람회서 친환경 제품·기술 선보여",2
"삼성·LG, 지구 지키는 솔루션 소개한다",2
"삼성·LG·SK, 기후박람회서 친환경 기술 품은 '탄소중립 일상' 제안",2
"삼성·LG·롯데, '기후산업국제박람회'서 친환경 기술·솔루션 선봬",1
"삼성·LG·롯데, '기후산업국제박람회'서 친환경 기술·솔루션 선봬",1
삼성·LG·현대차 부산기후산업박람회 참가...‘탄소제로’ 다짐,2
삼성·LG·현대차 부산기후산업박람회 참가...‘탄소제로’ 다짐,2
삼성·LG가 생태계 보호에 앞장선 까닭,1
삼성·LG가 생태계 보호에 앞장선 까닭,1
삼성·LG가 생태계 보호에 앞장선 까닭,1
삼성·LG가 생태계 보호에 앞장선 까닭,1
"삼성·LG전자, ‘기후산업국제박람회’서탄소중립 기술 선봬",1
"삼성·LG전자, ‘기후산업국제박람회’서탄소중립 기술 선봬",1
"삼성·LG전자, ‘기후산업국제박람회’서탄소중립 기술 선봬",1
"삼성·LG전자, 'ISE 2023'서 디스플레이 기술력 강조…친환경·맞춤형에 초점",6
"삼성·LG전자, TV기술 특허침해 혐의로 美 ITC에도 피소",8
"삼성·LG전자, 공조 솔루션도 '지속가능성'에 집중…유럽 시장 정조준",2
"삼성·LG전자, 공조 솔루션도 '지속가능성'에 집중…유럽 시장 정조준",2
"삼성·LG전자, 나주시에너지자립도시 구축 나선다",2
"삼성·LG전자, 미국 무역위원회 피소...특허침해소송휘말려",8
"삼성·LG전자, 미국 무역위원회 피소...특허침해소송휘말려",8
"삼성·LG전자, 美서 가스레인지 오염물질 배출로 집단소송 직면",1
"삼성·LG전자, 美서 '에너지절감' 성과 인정받았다",2
"삼성·LG전자, 美서 '에너지절감' 성과 인정받았다",2
"삼성·LG전자, 최고 권위 美 '에너지스타 어워드'서 나란히 최고상 수상",2
"삼성·LG전자, 최고 권위 美 '에너지스타 어워드'서 나란히 최고상 수상",2
"삼성·LG전자, 최고 권위 美 '에너지스타 어워드'서 나란히 최고상 수상",2
"삼성·LG전자, 최고 권위 美 '에너지스타 어워드'서 나란히 최고상 수상",2
"삼성·LG전자, 최고 권위 美 '에너지스타 어워드'서 나란히 최고상 수상",2
"삼성·LG전자, 최고 권위 美 '에너지스타 어워드'서 나란히 최고상 수상",2
"삼성·LG전자, 한전과 '나주에너지자립도시' 만든다",2
"삼성·SK·LG, 기후산업국제박람회서 탄소중립 실천 방안 제시",2
"삼성·SK·LG, 기후산업국제박람회서탄소중립 실천 방안 제시",1
"삼성·SK·LG·포스코,탄소발생 없는 에너지원 확보한다",1
삼성·SK·현대차 친환경 신기술 총출동···'WEC 2023' 탄소중립 해법 모두...,2
삼성·SK·현대차 친환경 신기술 총출동···'WEC 2023' 탄소중립 해법 모두...,2
삼성·SK·현대차·LG `친환경 혁신기술` 총집합,2
"삼성·SK·현대차·LG, 부산 달궜다… “기후산업시장 잡아라” 각축장",1
"삼성·SK·현대차·LG, 부산 달궜다… “기후산업시장 잡아라” 각축장",1
"삼성·SK·현대차·LG, 부산 달궜다… “기후산업시장 잡아라” 각축장",1
"삼성·SK·현대차·LG, 부산 달궜다… “기후산업시장 잡아라” 각축장",2
"삼성·SK·현대차·LG, 부산서 '친환경 기술' 대전 펼친다",2
"삼성·SK·현대차·LG, 부산서 '친환경 기술' 대전 펼친다",2
"삼성·SK·현대차·LG·롯데, WCE 2023서 친환경 기술 뽐내",1
삼성·하이닉스의 '노동자건강' 지키기... 두고 볼 일,4
삼성6번째 유해가스 … 하청노동자만 죽어 나간다,4
"삼성LCD 뇌종양노동자, 10년 만에 산재 인정",4
"삼성LCD 뇌종양노동자, 10년 만에 산재 인정",4
"삼성LCD노동자희귀질환, 항소심에서도 산재 인정",4
삼성SDI 자회사 STM은 ‘산재 은폐’…한화는 폭발사고로 5명 숨져,4
삼성SDI 천안사업잔 고압 감전 사고… 협력업체노동자3명 부상,4
삼성家 대이은인재경영…지금은 '시스템반도체'에,5
삼성과 애플의 숨겨진 경쟁...디자이너영입전,5
삼성과 애플의 숨겨진 경쟁...디자이너영입전,5
삼성글로벌전략회의에 쏠린 MX사업부 최원준 실장 '역할론',5
삼성기술인재 영입'광폭 행보',5
"삼성늑장대응' 의혹, 언급조차 않는 언론들",4
삼성모바일 앱으로삼성반도체 건설노동자실시간 감시?,4
"삼성모바일, 애플 출신 반도체 전문가영입…‘갤럭시’ 맞춤 AP 개발 박차 ...",5
"삼성물산 사망사고 1위 오명 안아, 특단의안전대책 발등에 불",4
"삼성물산 사망사고 오명 경계선에 놓여, 오세철안전관리더 고삐 죈다",4
"삼성물산, 고용부 감독 피했나..상반기 사망사고 3건에도 과거 현장관리모범",4
"삼성반도체 30·40대 폐암사망노동자, 산재 첫 승인",4
"삼성반도체 47세노동자, 또 백혈병으로 사망",4
"삼성반도체 난소암 사망노동자, 산업재해 첫 인정",4
삼성반도체 백혈병 분쟁 11년만에 종지부...대한항공은,4
"삼성반도체 백혈병 분쟁' 사회적 합의 효과, '산재왕국'의 노동건강권 반올...",4
삼성반도체 사업장서 ‘이산화탄소’ 유출... 협력업체노동자1명 사망,4
"삼성반도체 산업재해, '노동자' 사라진 언론",4
삼성반도체 평택캠퍼스 디자인한 삼우건축 '안전노하우' 공유로 건설문화 선...,4
삼성반도체 하청업체노동자유방암 산재 판결…‘유해물질 인과성’ 첫 인정,4
"삼성반도체, 또 일냈다…챗GPT 등 AI 서버 시장 뒤흔들 칩 출시 [비즈360]",1
"삼성반도체, 또 일냈다…챗GPT 등 AI 서버 시장 뒤흔들 칩 출시 [비즈360]",1
"삼성반도체, '죽음의 공장' 외주화에 비난여론 거세",4
삼성반도체?현대차 수소전지?SK 배터리…최고의 기후지킴이는?,1
삼성반도체?현대차 수소전지?SK 배터리…최고의 기후지킴이는?,2
삼성반도체?현대차 수소전지?SK 배터리…최고의 기후지킴이는?,2
삼성반도체공장 협력업체노동자‘백혈병’ 산재 첫 인정,4
삼성반도체노동자‘악성 림프종’ 첫 산재 인정,4
"삼성반도체노동자'폐암' 사망, 첫 산재 인정",4
"삼성배터리·반도체, LG 가전이 그리는 '기후 변화 속' 지속가능 일상은?",3
"삼성배터리·반도체, LG 가전이 그리는 '기후 변화 속' 지속가능일상은?",2
삼성서 잇따른 기술 유출 시도… “美中 반도체 경쟁속 탈취 늘듯”,5
삼성서 잇따른 기술 유출 시도… “美中 반도체 경쟁속 탈취 늘듯”,5
삼성스마트폰 공장서 일하다 실명한노동자를 '자살시도'로 모함한 사장,4
삼성-애플 특허소송전…세계 곳곳서 정면 충돌,8
삼성-애플 특허소송전…세계 곳곳서 정면 충돌,8
삼성의 ‘10억 회유’ 뿌리치고 산재 인정까지…혜경씨 모녀의 ‘7전8기’,4
삼성의 불편한 진실을 다시 돌아보다,4
삼성의 지속가능한 일상은 어떤 모습일까,1
삼성의 지속가능한 일상은 어떤 모습일까,1
삼성의 지속가능한 일상은 어떤 모습일까,1
삼성의 지속가능한 일상은 어떤 모습일까,2
"삼성의안전보건관리, 지켜볼 '틈'을 만들다",4
"삼성이 그토록 감추고자 했던 '영업비밀'의 실체, 그런데",4
"삼성이산화탄소 누출 대책위 ""정부안전진단 촉구""",4
"삼성이재용, '3년간 300억' 중기 스마트공장 구축 돕는다",1
"삼성電, 인덕션 전기레인지 전력효율제고",6
"삼성電, 인덕션 전기레인지 전력효율제고",6
"삼성電, 인덕션 전기레인지 전력효율제고",6
"삼성電, 인덕션 전기레인지 전력효율제고",6
삼성전자 글로벌석박사인재 영입가속화,5
삼성전자' 반도체 백혈병' 공식 사과... 11년 만에 분쟁 마무리,4
삼성전자 반도체‘전과정평가’ 검증 완료,3
삼성전자 반도체‘전과정평가’ 검증 완료,3
삼성전자 반도체‘전과정평가’ 검증 완료,3
삼성전자 반도체‘전과정평가’ 검증 완료,3
삼성전자 반도체사업 탄소배출 전과정 수치화 구축,3
"삼성전자 반도체탄소배출 ‘전과정평가’ 검증 완료, “탄소중립 적극 기여”",3
"삼성전자 반도체탄소배출 ‘전과정평가’ 검증 완료, “탄소중립 적극 기여”",3
"삼성전자""12나노급 DDR5 D램 양산""…1초에 UHD 영화 2편 처리",1
"삼성전자""12나노급 DDR5 D램 양산""…1초에 UHD 영화 2편 처리",1
"삼성전자""1초에 영화 2편 처리하는 D램 개발""....업계 최대 용량 512GB DDR5...",6
"삼성전자""2분기 이후부터 영업이익 상당 부분 개선될 것""",6
"삼성전자""2분기 이후부터 영업이익 상당 부분 개선될 것""",6
"삼성전자""OTT, 광고로 수익 창출 가능…구독만이 답 아냐""",5
"삼성전자""다이슨 특허침해소송에 법적 맞대응""",8
"삼성전자""성능은 2배,에너지는 70% 감소""...인공지능 HBM-PIM 개발",6
"삼성전자""안전관리부족했다""…11년 만에 분쟁 마침표",4
"삼성전자""안전관리부족했다""…11년 만에 분쟁 마침표",4
"삼성전자""지속가능경영·미래성장동력 발굴""…주총서 밝힌 청사진",3
"삼성전자""차세대 HBM에 핀펫·하이브리드 본딩 기술 적용할 것""",6
"삼성전자""탄소배출 '전과정평가' 구축... 2050년 탄소중립 달성""",3
"삼성전자""특허소송보도 일방 주장으로 왜곡"" 반박",8
"삼성전자""한겨레 또 사실 왜곡…특허소송보도 아직 재판 중인 한쪽 주장일...",8
"삼성전자""한겨레 또 사실 왜곡…특허소송보도 아직 재판 중인 한쪽 주장일...",8
"삼성전자""화웨이소송, 맞대응 할 것"" (상보)",8
"삼성전자""화웨이소송, 맞대응 할 것"" (상보)",8
"삼성전자""화웨이특허권 소송, 내용 파악 후 대응 검토""",8
"삼성전자, ""12나노급 DDR5 D램 양산""…1초에 UHD 영화 2편 처리",1
"삼성전자, ""상생추구·정도경영""…협력사 경쟁력 높여 함께 성장",3
"삼성전자, ""상생추구·정도경영""…협력사 경쟁력 높여 함께 성장",3
"삼성전자, ""상생추구·정도경영""…협력사 경쟁력 높여 함께 성장",3
"삼성전자, ""상생추구·정도경영""…협력사 경쟁력 높여 함께 성장",3
"삼성전자, ""세계 최초 지능형 메모리 반도체 개발...인공지능 엔진 탑재""",6
"삼성전자, ""화웨이특허권침해 주장에 맞소송검토중""",8
"삼성전자, ""화웨이특허권침해 주장에 맞소송검토중""",8
"삼성전자, ‘HBM-PIM’ 개발... AI반도체 시장 선점 나선다",6
"삼성전자, ‘국제수자원관리동맹’ 최고 등급 인증 획득",3
"삼성전자, ‘애플소송에 법적 맞대응 한다’",8
"삼성전자, ‘차세대 반도체’ 기술로 메모리 불황 넘는다",6
"삼성전자, ‘탄소중립’ 위한 재생에너지 기술 개발",1
"삼성전자, “KIP 특허소송보도, 일방적 주장일 뿐”",8
"삼성전자, “메모리 반도체와 AI프로세서를 하나로”",6
"삼성전자, 113억대 ‘특허권사용료’ 법인세 불복소송대법서 최종 승소",8
"삼성전자, 12나노 D램 양산… UHD급 영화 2편 1초에 처리",1
"삼성전자, 12나노급 DDR5 D램 양산…""1초에 30GB 영화 2편 처리""",1
"삼성전자, 12나노급 DDR5 D램 양산…기술 우위 확고히",1
"삼성전자, 12나노급 DDR5 D램 양산…기술 우위 확고히",1
"삼성전자, 12나노급 D램 양산 시작… 최선단 기술 적용",1
"삼성전자, 12나노급 D램 양산 시작…업계 최선단 공정",1
"삼성전자, 12나노급 D램 양산…""D램 시장 선도할 것""",1
"삼성전자, '12나노급 D램' 양산…데이터센터·AI·차세대 컴퓨팅 공급",1
"삼성전자, '12나노급 D램' 양산…데이터센터·AI·차세대 컴퓨팅 공급",1
"삼성전자, 2022년 4분기 매출 70.46조원 영업이익 4.31조원 기록",2
"삼성전자, 2022년 실적 어닝쇼크..주력 반도체등 업황 부진",2
"삼성전자, 2023년 사장단 인사…첫 여성사장 이영희 승진",5
"삼성전자, 2023년 상반기 출시 앞둔 '갤럭시 S23' 시리즈 통해 반전 노릴까.....",5
"삼성전자, 2023년 정기 사장단 인사...""삼성전자최초의 여성 사장 포함 승진...",5
"삼성전자, 2023년 정기 사장단 인사…“인재와 기술 중시” 경영철학 반영",5
"삼성전자, 2023년도 정기 사장단 인사…안정 속 첫 여성 사장 등 혁신 지속",5
"삼성전자, 2023년형 비스포크 출시...초고효율 초연결성 강화",2
"삼성전자, 22년 4Q 매출 70.46조원·영업이익 4.31조원…연간 최대 매출 달성",2
"삼성전자, 2세대 스마트SSD 개발…연산 성능 2배 향상",6
"삼성전자, 2세대 스마트SSD 개발…연산 성능 2배 향상",6
"삼성전자, 2세대 스마트SSD 개발…연산 성능 2배 향상",6
"삼성전자, 2세대 스마트SSD 개발…연산 성능 2배 향상",6
"삼성전자, 3나노 칩 상반기 양산 돌입…당초 하반기에서 앞당겨",6
"삼성전자, 3나노 칩 상반기 양산 돌입…당초 하반기에서 앞당겨",6
"삼성전자, 3나노 칩 상반기 양산 돌입…당초 하반기에서 앞당겨",6
"삼성전자, 3나노 칩 상반기 양산 돌입…당초 하반기에서 앞당겨",6
"삼성전자, 3나노 칩 상반기 양산 돌입…당초 하반기에서 앞당겨",6
"삼성전자, 3나노 칩 상반기 양산 돌입…당초 하반기에서 앞당겨",6
"삼성전자, 3나노 칩 상반기 양산 돌입…당초 하반기에서 앞당겨",6
"삼성전자, '54기 정기주총' 개최…""새로운 가치?가능성 만들어 갈 것""",2
"삼성전자, '54기 정기주총' 개최…""새로운 가치?가능성 만들어 갈 것""",2
"삼성전자, 600개 중소기업 스마트공장 고도화 지원",1
"삼성전자, 706억 원 법인세소송사실상 승소…대법 ""15억 원 인정"" 원심 확정",8
"삼성전자, 706억 원 법인세소송사실상 승소…대법 ""15억 원 인정"" 원심 확정",8
"삼성전자, AI 등 미래 신사업 이끌인재대거영입",5
"삼성전자, AI 엔진 탑재한 메모리 반도체 개발 성공…""세계 최초""",6
"삼성전자, AI 전문 '차세대 메모리' 개발 '박차'",6
"삼성전자, AI 전문가 잇따라영입…1천명 목표",5
"삼성전자, AI글로벌 인재 영입, 혁신 스타트업 인수…""인공지능서도 초격차""",5
"삼성전자, AI글로벌 인재 영입...'미래 성장동력 발굴'",5
"삼성전자, AI로 반도체 초격차…메모리·인공지능 융합",6
"삼성전자, 'AI엔진 탑재 메모리 반도체 제품' 확대",6
"삼성전자, 'AI엔진 탑재 메모리 반도체 제품' 확대",6
"삼성전자, ARM 출신 시스템반도체 개발 전문가영입",5
"삼성전자, Arm 코어 더한 2세대 스마트 SSD 개발…더 빠르고효율적으로",6
"삼성전자, AWS 최고 등급 인증 획득",3
"삼성전자, AWS 최고 등급 인증 획득",3
"삼성전자, DDR5 메모리 개발…차세대 D램 선도",6
"삼성전자, HKMG 공정 적용 고용량 DDR5 메모리 개발",6
"삼성전자, HKMG 공정 적용 고용량 DDR5 메모리 개발",6
"삼성전자, HKMG 공정 적용 고용량 DDR5 메모리 개발",6
"삼성전자, HKMG 공정 적용 고용량 DDR5 메모리 개발",6
"삼성전자, HKMG 공정 적용 고용량 DDR5 메모리 개발",6
"삼성전자, HKMG 공정 적용 고용량 DDR5 메모리 개발",6
"삼성전자, HKMG 공정 적용 고용량 DDR5 메모리 개발",6
"삼성전자, HKMG 공정 적용 고용량 DDR5 메모리 개발",6
"삼성전자, HKMG 공정 적용된 '고성능·저전력' DDR5 메모리 개발",6
"삼성전자, HKMG 공정 적용된 '고성능·저전력' DDR5 메모리 개발",6
"삼성전자, HKMG 공정 적용된 '고성능·저전력' DDR5 메모리 개발",6
"삼성전자, HKMG 공정 적용된 '고성능·저전력' DDR5 메모리 개발",6
"삼성전자, HKMG 공정 적용된 '고성능·저전력' DDR5 메모리 개발",6
"삼성전자, HKMG 공정 적용된 '고성능·저전력' DDR5 메모리 개발",6
"삼성전자, HKMG 공정 적용된 '고성능·저전력' DDR5 메모리 개발",6
"삼성전자, HKMG 공정 적용된 '고성능·저전력' DDR5 메모리 개발",6
"삼성전자, HKMG 공정?8단 TSV 기술 적용 고용량 DDR5 메모리 개발....1초에 ...",6
"삼성전자, HKMG 적용 고용량 DDR5 메모리 개발",6
"삼성전자, IFA 2022서 미래 라이프스타일 대거 선봬",6
"삼성전자, 'IFA 2022'서 선보이는 '스마트싱스'와 '지속 가능한 기술'",6
"삼성전자, ISE 2023서 지속가능한 디스플레이 기술 전시",2
"삼성전자, ISE 2023서 지속가능한 디지털 사이니지 신제품 선봬",2
"삼성전자, ISE 2023서 '지속가능한 미래' 디지털 사이니지 신제품 공개",2
"삼성전자, ISE 2023서 지속가능한 미래 위한 디지털 사이니지 대거 공개",2
"삼성전자, ISE 2023서 지속가능한 미래 위한 디지털 사이니지 신제품 선보여",2
"삼성전자, ISE 2023서 지속가능한 미래를 위한 디지털 사이니지 신제품 선보여",6
"삼성전자, IT 넘어 '금융-패션' 등글로벌 인재 영입박차",5
"삼성전자, IT 넘어 '금융-패션' 등글로벌 인재 영입박차",5
"삼성전자, LCD특허권 소송휘말려",8
"삼성전자, SK, LG, CJ '여성 CEO' 발탁 이어져...""미래 사업 이끌 전문가""",5
"삼성전자, SK, LG, CJ '여성 CEO' 발탁 이어져...""미래 사업 이끌 전문가""",5
"삼성전자, SK, LG, CJ '여성 CEO' 발탁 이어져...""미래 사업 이끌 전문가""",5
"삼성전자, TSMC·애플 출신 등글로벌 인재 영입활발",5
"삼성전자, UMC 이어 TSMC 출신영입…대만 반도체인재품는다",5
"삼성전자, VD·가전사업 2분기 턴어라운드 노린다",5
"삼성전자, 가전사업 '기' 살린다",5
"삼성전자, 강신봉 前 요기요 대표영입…온라인 강화 목표",5
"삼성전자, 강신봉 前 요기요 대표영입…온라인 판매 강화",5
"삼성전자, 갤럭시 S22 시리즈 본격 출시·한전과 스마트싱스에너지서비스 강...",6
"삼성전자, 갤럭시 S22 시리즈 본격 출시·한전과 스마트싱스에너지서비스 강...",6
"삼성전자, 갤럭시 S22 시리즈 본격 출시·한전과 스마트싱스에너지서비스 강...",6
"삼성전자, 갤럭시 S22 시리즈 본격 출시·한전과 스마트싱스에너지서비스 강...",6
"삼성전자, 갤럭시 S22 시리즈 본격 출시·한전과 스마트싱스에너지서비스 강...",6
"삼성전자, 갤럭시 S22 시리즈 본격 출시·한전과 스마트싱스에너지서비스 강...",6
"삼성전자, 갤럭시 S22 시리즈 본격 출시·한전과 스마트싱스에너지서비스 강...",6
"삼성전자, 갤럭시 생태계 위한 친환경 비전 발표…신제품도 공개",6
"삼성전자, 갤럭시 생태계 위한 친환경 비전 발표…신제품도 공개",6
"삼성전자, 갤럭시 생태계 위한 친환경 비전 발표…신제품도 공개",6
"삼성전자, 갤럭시 생태계 위한 친환경 비전 발표…신제품도 공개",6
"삼성전자, 갤럭시 생태계 위한 친환경 비전 발표…신제품도 공개",6
"삼성전자, '갤럭시 전용칩' 개발 '속도'…퀄컴·AMD와 파트너십 강화",5
"삼성전자, 고효율-초연결 비스포크 신제품 출시",2
"삼성전자, '국제수자원관리동맹' 최고 등급 인증 획득",3
"삼성전자, 국제수자원관리동맹서 최고 등급 인증 받아",3
"삼성전자, 기후위기 극복 동참 '박차'…반도체탄소배출 '전과정평가' 제3자 ...",3
"삼성전자, 기후위기 극복 위해 '반도체탄소배출 전과정평가' 검증",3
"삼성전자, 기후위기 극복·2050년 탄소중립 달성반도체사업에 대한 전과정평...",3
"삼성전자, 기후위기 극복도 '초격차' 극한의 수자원 재활용·전력효율향상",6
"삼성전자, 남은 국제소송과 쟁점은",8
"삼성전자, 남은 국제소송과 쟁점은",8
"삼성전자, 내부 연산 기능 강화 ‘2세대 스마트SSD’ 개발",6
"삼성전자, 내부 연산 기능 강화 ‘2세대 스마트SSD’ 개발",6
"삼성전자, 내부 연산 기능 강화 ‘2세대 스마트SSD’ 개발",6
"삼성전자, 내부 연산 기능 강화 ‘2세대 스마트SSD’ 개발",6
"삼성전자, 내부 연산 기능 강화 ‘2세대 스마트SSD’ 개발",6
"삼성전자, 더 강력해진 SSD 출격…고성능 서버 시장 ‘초격차’ 잇는다",6
"삼성전자, 더 강력해진 SSD 출격…고성능 서버 시장 ‘초격차’ 잇는다",6
"삼성전자, 더 강력해진 SSD 출격…고성능 서버 시장 ‘초격차’ 잇는다",6
"삼성전자, 더 강력해진 SSD 출격…고성능 서버 시장 ‘초격차’ 잇는다",6
"삼성전자, 더 강력해진 SSD 출격…고성능 서버 시장 ‘초격차’ 잇는다",6
"삼성전자, 메모리·AI프로세서결합 HBM-PIM 세계 최초 개발",6
"삼성전자, 메모리에 AI프로세서내장 칩 세계 첫 개발",6
"삼성전자, 메모리에 AI프로세서내장 칩 세계 첫 개발",6
"삼성전자, 美 EPA ‘에너지스타상’서 ‘2관왕’ 기록…에너지절감 성과",2
"삼성전자, 美 모바일 특허 분쟁 ITC 예비판결서 승소",8
"삼성전자, 美 모바일 특허 분쟁 ITC 예비판결서 승소",8
"삼성전자, 미 반도체 인수합병 전문가영입… M&A 대상 점찍었나?",5
"삼성전자, 美 충전기술 특허소송완승",8
"삼성전자, 美 특허괴물 상대로 2년 만에 승소",8
"삼성전자, 美 환경청 '에너지스타상' 최고상 '2관왕'",2
"삼성전자, 美 환경청 '에너지스타상' 최고상 '2관왕'",2
"삼성전자, 美 환경청 '에너지스타상' 최고상 '2관왕'",2
"삼성전자, 美 환경청 주관 '에너지스타상'서 최고상 2관왕 수상",2
"삼성전자, 美 환경청 주관 '에너지스타상'서 최고상 2관왕 수상",2
"삼성전자, 미국 환경청 ‘에너지스타상’ 최고상 ‘2관왕’ 등극",2
"삼성전자, 미국 환경청 ‘에너지스타상’…최고상 ‘2관왕’",2
"삼성전자, 미국 환경청 '에너지스타상' 최고상 2관왕",2
"삼성전자, 미국 환경청 '에너지스타상' 최고상 '2관왕'",2
"삼성전자, 미국 환경청 '에너지스타상' 최고상 '2관왕'",2
"삼성전자, 미국 환경청 '에너지스타상' 최고상 '2관왕'",2
"삼성전자, 미국 환경청 '에너지스타상' 최고상 '2관왕'",2
"삼성전자, 미국 환경청 '에너지스타상' 최고상 '2관왕'",2
"삼성전자, 미국 환경청 '에너지스타상' 최고상 '2관왕'…""7대전자제품에 저전...",2
"삼성전자, 미국 환경청'에너지스타상' 최고상 '2관왕'",2
"삼성전자, 미국 환경청'에너지스타상' 최고상 '2관왕'",2
"삼성전자, 미국서 5G 표준특허 침해 피소",8
"삼성전자, 미국서 5G 표준특허 침해 피소",8
"삼성전자, 美서 또 특허소송당해... 갤럭시 스마트폰 다수에 기술 침해 의혹...",8
"삼성전자, 美서 특허 침해 피소…ITC 조사 예정(종합)",8
"삼성전자, 美환경청 '에너지스타상' 2개 부문 수상",2
"삼성전자, 반도체 생태계 확대 나선다…AI 탑재 메모리 제품군 공개",6
"삼성전자, 반도체 생태계 확대 나선다…AI 탑재 메모리 제품군 공개",6
"삼성전자, 반도체 생태계 확대 나선다…AI 탑재 메모리 제품군 공개",6
"삼성전자, 반도체 핵심기술 또 유출…“美-中 갈등속 탈취 늘어”",5
"삼성전자, 벤츠 디자이너 이일환영입… 갤럭시 ‘아재폰’ 오명 벗는다",5
"삼성전자, 불황 속 미래 대비 '꿋꿋'…메모리·파운드리 초격차 집중",1
"삼성전자, 불황 속 미래 대비 '꿋꿋'…메모리·파운드리 초격차 집중",1
"삼성전자, 불황을 기회로… 최선단 12나노급 D램 양산",1
"삼성전자, 불황일수록인재확보에 열 올리는 이유",5
"삼성전자, 비스포크 가전 신제품 라인업 공개…""친환경·고효율·초연결성 강...",2
"삼성전자, 비스포크 가전 신제품 라인업 공개…""친환경·고효율·초연결성 강...",2
"삼성전자, 비스포크 가전 신제품 출시… 초고효율·초연결성 강화",2
"삼성전자, 비스포크 신제품 출격…'초고효율·초연결성' 강화",2
"삼성전자, 비스포크 신제품 출시..에너지효율↑·AI기능 강화",2
"삼성전자, 비장의 무기 나왔다…세계 첫 12나노급 5세대 D램 양산 개시",1
"삼성전자, 사장 7명 승진인사…최초 여성사장 배출",5
"삼성전자, 사장단 인사 단행…이재용식 '안정 속 미래' 청사진",5
"삼성전자, 사장단 인사 단행…이재용식 '안정 속 미래' 청사진",5
"삼성전자, 사장단 인사 단행…이재용식 '안정 속 미래' 청사진",5
"삼성전자, 사장단 인사…승진 7명, 비(非)오너 여성사장 첫 배출",5
"삼성전자, 사장단 인사…승진 7명, 비(非)오너 여성사장 첫 배출",5
"삼성전자, 사장단 인사…승진 7명, 비(非)오너 여성사장 첫 배출",5
"삼성전자, 사장단 인사…'안정·기술·여성'에 방점(종합)",5
"삼성전자, 사장단 인사에서도 '기술 경영' 초점",5
"삼성전자, 산업부에 ‘특허권 소송상대’ 조사요청",8
"삼성전자, 산업부에 ‘특허권 소송상대’ 조사요청",8
"삼성전자, '상생' 위한 '스마트공장 3.0' 가동",1
"삼성전자, 세계 최초 AI 메모리 반도체 개발",6
"삼성전자, 세계 최초 AI 메모리 반도체 개발",6
"삼성전자, 세계 최초 AI 메모리 반도체 개발",6
"삼성전자, 세계 최초 AI 엔진 탑재 메모리 개발",6
"삼성전자, 세계 최초 AI 연산 기능 탑재 지능형 메모리 개발",6
"삼성전자, 세계 최초 AI엔진 메모리 탑재",6
"삼성전자, 세계 최초 AI엔진 메모리 탑재",6
"삼성전자, 세계 최초 AI엔진 탑재 PIM 개발",6
"삼성전자, 세계 최초 AI엔진 탑재한 메모리 반도체 개발",6
"삼성전자, 세계 최초 AI탑재 메모리 반도체 개발 성공",6
"삼성전자, 세계 최초 AI프로세서탑재 메모리 반도체 개발 성공",6
"삼성전자, 세계 최초 AI프로세서탑재 메모리 반도체 개발 성공",6
"삼성전자, 세계 최초 '메모리+AI프로세서' HBM-PIM 개발",6
"삼성전자, 세계 최초 메모리반도체·AI 결합 ‘HBM-PIM’ 개발…“시스템 에너...",6
"삼성전자, 세계 최초 메모리와 AI프로세서결합한 HBM-PIM 개발",6
"삼성전자, 세계 최초 메모리와 AI프로세서결합한 HBM-PIM 개발",6
"삼성전자, 세계 최초 인공지능 HBM-PIM 개발",6
"삼성전자, 세계 최초 인공지능 HBM-PIM 개발",6
"삼성전자, 세계 최초 인공지능 HBM-PIM 개발",6
"삼성전자, 세계 최초 인공지능 HBM-PIM 개발",6
"삼성전자, 세계 최초 인공지능 HBM-PIM 개발",6
"삼성전자, 세계 최초 인공지능 HBM-PIM 개발",6
"삼성전자, 세계 최초 인공지능 HBM-PIM 개발",6
"삼성전자, 세계 최초 인공지능 HBM-PIM 개발",6
"삼성전자, 세계 최초 인공지능 'HBM-PIM' 개발",6
"삼성전자, 세계 최초 인공지능 'HBM-PIM' 개발…성능↑·에너지소모↓",6
"삼성전자, 세계 최초 인공지능 'HBM-PIM' 개발…성능↑·에너지소모↓",6
"삼성전자, 세계 최초 인공지능 'HBM-PIM' 개발…성능↑·에너지소모↓",6
"삼성전자, 세계 최초 인공지능 결합 메모리 'HBM-PIM' 개발…""에코 시스템 구...",6
"삼성전자, 세계 최초 인공지능 메모리 반도체 HBM-PIM 개발",6
"삼성전자, 세계 최초 인공지능 반도체 'HBM-PIM' 개발",6
"삼성전자, 세계 최초 인공지능 반도체 'HBM-PIM' 개발",6
"삼성전자, 세계 최초 인공지능-메모리 반도체 'HBM-PIM' 개발 성공",6
"삼성전자, 세계 최초 지능형 메모리 반도체 'HBM-PIM' 개발....""메모리에 AI ...",6
"삼성전자, 세계 최초 지능형 메모리 반도체 'HBM-PIM' 개발....""메모리에 AI ...",6
"삼성전자, 세계 최초 지능형 메모리 반도체 개발",6
"삼성전자, 세계 최초 지능형 메모리 반도체 개발 성공",6
"삼성전자, 세계 최초로 반도체와 인공지능 결합한 메모리 시스템 개발",6
"삼성전자, 세계 최초로 반도체와 인공지능 결합한 메모리 시스템 개발",6
"삼성전자, 세계 최초로 반도체와 인공지능 결합한 메모리 시스템 개발",6
"삼성전자, 세계 최초로 반도체와 인공지능 결합한 메모리 시스템 개발",6
"삼성전자, 세계 최초로 '인공지능 HBM-PIM' 개발",6
"삼성전자, 세계 최초메모리 반도체와 인공지능 결합한 HBM-PIM 개발",6
"삼성전자, 세계적 AI 석학 잇따라영입",5
"삼성전자, 소비전력 20% 줄일 수 있는 12나노급 D램 양산",1
"삼성전자, 소비전력 20% 줄일 수 있는 12나노급 D램 양산",1
"삼성전자, 스마텐과 특허소송서 '승소'",8
"삼성전자, 스마텐과 특허소송서 '승소'",8
"삼성전자, '스마트공장 3.0' 3년간 총 300억 투자",1
"삼성전자, '스마트공장 3.0' 사업 본격 추진... '자생적 지역 스마트공장 생태...",1
"삼성전자, '스마트공장 3.0' 사업 본격 추진... '자생적 지역 스마트공장 생태...",1
"삼성전자, '스마트공장 3.0' 사업 시작…""중소기업·지역사회와 함께 성장""",1
"삼성전자, 스웨덴 통신장비 회사 에릭슨 임원 2명영입",5
"삼성전자, 시민이 뽑은 '지난 10년간 최악의노동자살인기업'",4
"삼성전자, 시민이 뽑은 '최악의노동자살인기업 1위'",4
"삼성전자, 시스템LSI 6000명 늘린다···'이재용 숙원' 비메모리 강화",5
"삼성전자, 신년 첫 투자 분야는 로봇...미래 먹거리 낙점",5
"삼성전자, 신년 첫 투자 분야는 로봇...미래 먹거리 낙점",5
"삼성전자, 신사업 관련인재 영입가속…BMW·MS·우버 등 출신 다양",5
"삼성전자, 新환경경영전략 시동…'탄소중립' 기술 개발 추진",1
"삼성전자, 新환경경영전략 시동…'탄소중립' 기술 개발 추진",1
"삼성전자, 新환경경영전략 시동…'탄소중립' 기술 개발 추진",2
"삼성전자, 新환경경영전략 실천…'탄소중립' 재생 에너지 기술 개발",1
"삼성전자, 압도적 투자로 K반도체 생태계 조성… 시스템 반도체 세계 1위 도약",5
"삼성전자, 업계 첫 HKMG DDR5 D램 개발…고용량·고성능·저전력 구현",6
"삼성전자, 업계 최선단 12나노급 D램 양산",1
"삼성전자, 업계 최선단 12나노급 D램 양산",1
"삼성전자, 업계 최선단 12나노급 D램 양산",1
"삼성전자, 업계 최선단 12나노급 D램 양산",1
"삼성전자, 업계 최선단 12나노급 D램 양산",1
"삼성전자, 업계 최선단 12나노급 D램 양산",1
"삼성전자, 업계 최선단 12나노급 D램 양산",1
"삼성전자, 업계 최선단 12나노급 D램 양산",1
"삼성전자, 업계 최선단 12나노급 D램 양산",1
"삼성전자, 업계 최선단 12나노급 D램 양산",1
"삼성전자, 업계 최선단 12나노급 D램 양산",1
"삼성전자, 업계 최선단 12나노급 D램 양산",1
"삼성전자, 업계 최선단 12나노급 D램 양산",1
"삼성전자, 업계 최선단 12나노급 D램 양산",1
"삼성전자, 업계 최선단 12나노급 D램 양산",1
"삼성전자, 업계 최선단 12나노급 D램 양산",1
"삼성전자, '업계 최선단' 12나노급 D램 양산",1
"삼성전자, 업계 최선단 12나노급 D램 양산 돌입...""생산성 20% 향상""",1
"삼성전자, 업계 최선단 12나노급 D램 양산 시작",1
"삼성전자, 업계 최선단 12나노급 D램 양산 시작",1
"삼성전자, 업계 최선단 12나노급 D램 양산 시작",1
"삼성전자, 업계 최선단 12나노급 D램 양산 시작",1
"삼성전자, 업계 최선단 12나노급 D램 양산 시작",1
"삼성전자, 업계 최선단 12나노급 D램 양산… DDR5 확대 주도",1
"삼성전자, 업계 최선단 12나노급 D램 양산…""차세대 컴퓨팅 최적화""",1
"삼성전자, 업계 최초 ‘물사용량 저감’ 인증…친환경 선도",3
"삼성전자, 업계 최초 HJMG 공정 적용 고용량 DDR5 메모리 개발",6
"삼성전자, 업계 최초 HKMG 공정 적용 고용량 DDR5 개발",6
"삼성전자, 업계 최초 HKMG 공정 적용 고용량 DDR5 개발",6
"삼성전자, 업계 최초 HKMG 공정 적용 고용량 DDR5 개발",6
"삼성전자, 업계 최초 HKMG 공정 적용 고용량 DDR5 개발",6
"삼성전자, 업계 최초 HKMG 공정 적용 고용량 DDR5 메모리 개발",6
"삼성전자, 업계 최초 HKMG 공정 적용 고용량 DDR5 메모리 개발",6
"삼성전자, 업계 최초 HKMG 공정 적용 고용량 DDR5 메모리 개발",6
"삼성전자, 업계 최초 HKMG 공정 적용 고용량 DDR5 메모리 개발",6
"삼성전자, 업계 최초 HKMG 공정 적용 고용량 DDR5 메모리 개발",6
"삼성전자, 업계 최초 HKMG 공정 적용 고용량 DDR5 메모리 개발",6
"삼성전자, 업계 최초 HKMG 공정 적용 고용량 DDR5 메모리 개발",6
"삼성전자, 업계 최초 HKMG 공정 적용 고용량 DDR5 메모리 개발",6
"삼성전자, 업계 최초 HKMG 공정 적용 고용량 DDR5 메모리 개발",6
"삼성전자, 업계 최초 HKMG 공정 적용 고용량 DDR5 메모리 개발",6
"삼성전자, 업계 최초 HKMG 공정 적용 고용량 DDR5 메모리 개발",6
"삼성전자, 업계 최초 HKMG 공정 적용 고용량 DDR5 메모리 개발",6
"삼성전자, 업계 최초 HKMG 공정 적용 고용량 DDR5 메모리 개발",6
"삼성전자, 업계 최초 HKMG 공정 적용 고용량 DDR5 메모리 개발",6
"삼성전자, 업계 최초 HKMG 공정 적용 고용량 DDR5 메모리 개발",6
"삼성전자, 업계 최초 HKMG 공정 적용 고용량 DDR5 메모리 개발",6
"삼성전자, 업계 최초 HKMG 공정 적용 고용량 DDR5 메모리 개발",6
"삼성전자, 업계 최초 HKMG 공정 적용 고용량 DDR5 메모리 개발",6
"삼성전자, 업계 최초 HKMG 공정 적용 고용량 DDR5 메모리 개발",6
"삼성전자, 업계 최초 HKMG 공정 적용 고용량 DDR5 메모리 개발",6
"삼성전자, 업계 최초 'HKMG 공정 적용' 고용량 DDR5 메모리 개발",6
"삼성전자, 업계 최초 HKMG 공정 적용 고용량 DDR5 메모리 개발 성공",6
"삼성전자, 업계 최초 HKMG 공정 적용 고용량 DDR5 메모리 개발 성공",6
"삼성전자, 업계 최초 HKMG 공정 적용 고용량 DDR5 메모리 개발 성공",6
"삼성전자, 업계 최초 HKMG 적용 512GB DDR5 개발",6
"삼성전자, 업계 최초 'UHD급 영화 2편을 1초에' DDR5 D램 개발 성공",6
"삼성전자, 업계 최초 '물사용량 저감 사업장' 인증",3
"삼성전자, 업계 최초 '물사용량 저감 사업장' 인증",3
"삼성전자, 에기연과 '탄소중립' 위한재생에너지기술 공동 개발",2
"삼성전자, 에기연과탄소중립 맞손…재생에너지 기술 공동 개발",1
"삼성전자, 에기연과탄소중립 위한 재생에너지 기술 공동 개발",1
"삼성전자, '에너지 믹스' 기술로탄소중립 앞당긴다",1
"삼성전자, 에너지硏과 재생에너지 통합솔루션 개발 머리 맞댄다",1
"삼성전자, 에너지硏과 함께 재생에너지 기술개발 나서",1
"삼성전자, 에릭슨 美특허권침해소송에 ‘맞소송’",8
"삼성전자, 에릭슨과소송전 본격 돌입…美 ITC에 추가 제소",8
"삼성전자, 에릭슨과소송전 본격 돌입…美 ITC에 추가 제소",8
"삼성전자, 에릭슨에특허권침해 ‘맞소송’ 대응…美 ITC 특허침해 제소",8
"삼성전자, 에릭슨에특허권침해 ‘맞소송’ 대응…美 ITC 특허침해 제소",8
"삼성전자, '엑시노스' 재기 시동...차기 '갤럭시' 탑재 전망",5
"삼성전자, 연산 성능 2배 올린 '2세대 스마트SSD' 개발",6
"삼성전자, 연산 성능 2배 이상 향상된 ‘2세대 스마트SSD' 개발",6
"삼성전자, 연산기능 2배 강화 '2세대 스마트SSD' 개발",6
"삼성전자, 연산기능 강화한 '2세대 스마트SSD' 개발",6
"삼성전자, 연산기능 강화한 '2세대 스마트SSD' 개발",6
"삼성전자, 연산기능 강화한 '2세대 스마트SSD' 개발",6
"삼성전자, 연산기능-전력효율강화 '2세대 스마트SSD' 개발",6
"삼성전자, 연산성능 2배 스마트SSD 개발",6
"삼성전자, 연산처리 기능 강화한 2세대 스마트 SSD 개발",6
"삼성전자, 英 패션브랜드 ‘올세인츠’ 윌리엄 김영입한 이유는",5
"삼성전자, 英다이슨 등 '소송태클' 행위 강력 법적 대응",8
"삼성전자, 올해 '비스포크' 판매 50% 확대···한종희 ""로봇에 역량 집중""",2
"삼성전자, 올해 '비스포크' 판매 50% 확대···한종희 ""로봇에 역량 집중""",2
"삼성전자, 올해 '비스포크' 판매 50% 확대···한종희 ""로봇에 역량 집중""",2
"삼성전자, 올해도 미국 '에너지스타' 됐다…유일한 2관왕",2
"삼성전자, 올해도 미국 '에너지스타' 됐다…유일한 2관왕",2
"삼성전자, '이미지센서' 특허침해 혐의로 美ITC 조사받아",8
"삼성전자, '이미지센서' 특허침해 혐의로 美ITC 조사받아",8
"삼성전자, '이미지센서' 특허침해 혐의로 美ITC 조사받아",8
"삼성전자, 이재용 '동행' 철학 담은 '스마트공장 3.0' 시작",1
"삼성전자, 인공지능 HBM-PIM 개발…차세대 융합기술 선점",6
"삼성전자, 인공지능 HBM-PIM 세계 최초 개발",6
"삼성전자, 인공지능 반도체 성큼…세계 최초 AI HBM-PIM 개발",6
"삼성전자, 인공지능 연산돕는 'HBM-PIM' 개발...'PIM' 기술 활용",6
"삼성전자, 인공지능 탑재 메모리 제품군 확대",6
"삼성전자, 인텔·글로벌파운드리서 또 반도체 전문가영입",5
"삼성전자, 일본 기업과특허권분쟁 승소...TV 생산라인 지켜",8
"삼성전자, 일본 기업과특허권분쟁 승소...TV 생산라인 지켜",8
"삼성전자, 일본 기업과특허권분쟁 승소...TV 생산라인 지켜",8
"삼성전자, 日샤프 LCD특허소송에 법적대응",8
"삼성전자, '자가 수리 프로그램' 도입…""수리 선택권 부여""",1
"삼성전자, 작년 4분기 영업이익 4조3100억원…전년比 69% 급락",2
"삼성전자, 재생에너지 통합 솔루션 개발해 '탄소중립' 성큼",1
"삼성전자, 전력효율높인 512GB DDR5 D램 개발..인텔에 공급하나",6
"삼성전자, 전력효율높인 512GB DDR5 D램 개발..인텔에 공급하나",6
"삼성전자, 전력효율높인 512GB DDR5 D램 개발..인텔에 공급하나",6
"삼성전자, 전작 대비 연산 성능 2배 강화된 ‘2세대 스마트SSD’ 개발",6
"삼성전자, 中 법원서 화웨이에 특허침해소송제기",8
"삼성전자, 中 화웨이 안방서 특허침해소송'맞불'",8
"삼성전자, 中企 600곳 '스마트공장' 구축 지원… 3년 간 300억원 투자",1
"삼성전자, 中企 600곳 스마트공장 구축·고도화에 '300억' 투자",1
"삼성전자, 中企기업 스마트공장 구축에 300억 투자",1
"삼성전자, 中서 화웨이 특허침해소송'맞불'",8
"삼성전자, 중소기업 대상 '스마트공장 3.0' 돌입…SK C&C, '탄소중립' 맞춤형...",1
"삼성전자, 중소기업 대상 '스마트공장 3.0' 돌입…SK C&C, '탄소중립' 맞춤형...",1
"삼성전자, 중소기업 대상 '스마트공장 3.0' 돌입…SK C&C, '탄소중립' 맞춤형...",1
"삼성전자, 중소기업 상생 ‘스마트공장 3.0’ 닻 올렸다…3년 간 총 300억원 ...",1
"삼성전자, 중소기업 상생 ‘스마트공장 3.0’ 닻 올렸다…3년 간 총 300억원 ...",1
"삼성전자, 중소기업 지능형 공장으로 고도화 지원",1
"삼성전자, 중소기업·지역 함께 성장하는 '스마트공장 3.0' 시작",1
"삼성전자, 중소기업·지역과 함께 걷는다…'동반성장' 문화 선도",1
"삼성전자, 지능형 반도체 제품군 확대… “모바일까지 성능 2배로”",6
"삼성전자, 지능형 반도체 제품군 확대… “모바일까지 성능 2배로”",6
"삼성전자, 지능형 반도체 제품군 확대… “모바일까지 성능 2배로”",6
"삼성전자, 집 나간 소가 새끼 쳐서 돌아오네···4분기 어닝쇼크 상쇄하는 호...",6
"삼성전자, '초거대 AI' 선제 대응…PIM·PNM 활용 솔루션 제시",6
"삼성전자, '초고효율' 비스포크 신제품 출시…""전력 사용량 최대 70% 추가 절...",2
"삼성전자, 초고효율·초연결성 강화 비스포크 신제품 출시",2
"삼성전자, 초고효율·초연결성 강화 비스포크 신제품 출시",2
"삼성전자, 초고효율·초연결성 강화한 비스포크 신제품 출시",2
"삼성전자, 초고효율·초연결성 강화한 비스포크 신제품 출시",2
"삼성전자, 초고효율·초연결성 강화한 비스포크 신제품 출시",2
"삼성전자, 초고효율·초연결성 강화한 비스포크 신제품 출시",2
"삼성전자, 초고효율·초연결성 강화한 비스포크 신제품 출시",2
"삼성전자, 초고효율·초연결성ㆍAI 강화 '비스포크 라이프' 공개",2
"삼성전자, '초저전력 반도체' 역량 집중…생태계 전환 예고",6
"삼성전자, 최저 기준보다에너지사용 줄인 비스포크 출시",2
"삼성전자, 최저 기준보다에너지사용 줄인 비스포크 출시",2
"삼성전자, 최저 기준보다에너지사용 줄인 비스포크 출시",2
"삼성전자, 최저 기준보다에너지사용 줄인 비스포크 출시",2
"삼성전자, 최저 기준보다에너지사용 줄인 비스포크 출시",2
"삼성전자, 최저 기준보다에너지사용 줄인 비스포크 출시",2
"삼성전자, 최첨단 12나노 DDR5 D램 양산",1
"삼성전자, 최첨단 12나노 DDR5 D램 양산",1
"삼성전자, 최첨단 12나노급 D램 세계 첫 양산",1
"삼성전자, 최첨단 12나노급 D램 세계 첫 양산",1
"삼성전자, 최초 女사장 이영희 사장…""로레알 출신 마케터""",5
"삼성전자, 최초의 여성 사장 배출...""이영희 부사장 승진""",5
"삼성전자, 친환경 혁신기술 확보 집중…""'쓸수록' 탄소배출 줄인다""",6
"삼성전자, 탄소배출 '전과정평가' 검증 완료... 저탄소반도체개발",3
"삼성전자, 탄소배출 '전과정평가' 검증...2050 탄소중립 목표",3
"삼성전자, 탄소배출 '전과정평가' 검증…탄소중립 적극 달성",3
"삼성전자, 탄소중립 가속…'반도체전과정평가' 검증",3
"삼성전자, 탄소중립 달성을 위한 체계 구축 및 검증 완료",3
"삼성전자, '탄소중립' 위한 재생에너지 기술 개발",1
"삼성전자, '탄소중립' 위한재생에너지기술 개발",2
"삼성전자, 탄소중립 위한재생에너지기술 개발 추진",2
"삼성전자, 탄소중립 위한재생에너지기술 공동 개발",2
"삼성전자, '탄소중립' 위한재생에너지기술 공동 개발",2
"삼성전자, '탄소중립' 재생에너지 기술 개발",1
"삼성전자, 투톱체제 유지 무게…현대차, 40대 젊은인재수혈",5
"삼성전자, 특해침해소송관련 산자부에 ‘국가핵심기술 유출 조사’ 요청",8
"삼성전자, 특허괴물과 합의…美ITC '특허침해 조사' 종결",8
"삼성전자, 특허괴물과 합의…美ITC '특허침해 조사' 종결",8
"삼성전자, 특허소송관련 정부에 ‘국가핵심기술 유출 조사’ 요청",8
"삼성전자, 특허소송낸 前 임원에 ""신의칙 위반""…맞소송대응",8
"삼성전자, 특허소송보도에 ""일방적 주장"" 반박",8
"삼성전자, 특허소송보도에 ""일방적 주장"" 반박",8
"삼성전자, 특허침해소송‘국가핵심기술 유출 조사’ 요청",8
"삼성전자, 특허침해소송관련 ‘국가핵심기술 유출 조사’ 정부에 요청",8
"삼성전자, 특허침해소송관련 '국가핵심기술 유출 조사' 요청",8
"삼성전자, 특허침해소송관련 '국가핵심기술 유출 조사' 요청",8
"삼성전자, 특허침해소송상대 '국가핵심기술' 유출 조사 요청…산업부 ""확인...",8
"삼성전자, 하만과 5G기반 전장시장 공략",5
"삼성전자, 한국에너지기술연구원과 ‘탄소중립’ 위한재생에너지기술 공동 ...",2
"삼성전자, 한국에너지기술연구원과 ‘탄소중립’ 위한재생에너지기술 공동 ...",2
"삼성전자, 한국에너지기술연구원과 ‘탄소중립’ 위한재생에너지기술 공동 ...",2
"삼성전자, 한국에너지기술연구원과 ‘탄소중립’ 위한재생에너지기술 공동 ...",2
"삼성전자, 한국에너지기술연구원과 업무협약 체결",1
"삼성전자, 한국에너지기술연구원과 업무협약 체결",1
"삼성전자, 한국에너지기술연구원과 탄소중립 기술개발 나서… 新환경경영전략...",2
"삼성전자, 한국에너지기술연구원과 '탄소중립' 위한재생에너지기술 공동 개...",2
"삼성전자, 한국에너지기술연구원과 탄소중립 위한재생에너지기술 공동 개발",2
"삼성전자, 한국에너지기술연구원과재생에너지기술 개발 협약",2
"삼성전자, 한국에너지기술연구원과재생에너지기술 공동 개발",2
"삼성전자, 한국에너지기술연구원과재생에너지기술 공동 개발",2
"삼성전자, 한국에너지기술연구원과재생에너지기술 공동 개발",2
"삼성전자, 한국에너지기술연구원과재생에너지기술 공동 개발 돌입",2
"삼성전자, 한국에너지기술연구원과재생에너지기술 공동 개발 협약",2
"삼성전자, 한국에너지기술연구원과재생에너지기술 공동 개발 협약",2
"삼성전자, 한국에너지기술연구원과재생에너지기술 공동 노력",2
"삼성전자, 한국에너지기술연구원과재생에너지기술 공동 노력",2
"삼성전자, 한국에너지기술연구원과재생에너지기술 공동 노력",2
"삼성전자, 한국에너지기술연구원과재생에너지기술 공동 노력",2
"삼성전자, 화웨이에 특허침해 맞소송… “비합리적 특허소송대응 차원”",8
"삼성전자, 화웨이특허권침해 '맞소송'",8
"삼성전자, 화웨이특허권침해소송에 법적대응 시사",8
"삼성전자, 환경과 미래를 위한 상업용 디스플레이 신제품 대거 공개",2
"삼성전자,글로벌 인재 영입`가속도`",5
"삼성전자,글로벌GPU인재 영입속도…""모바일 그래픽 혁신 주도""",5
"삼성전자,글로벌IT인재 영입가속…""신성장 동력 확보 전략""",5
"삼성전자,글로벌핵심인재대거영입",5
"삼성전자,글로벌핵심인재대거영입",5
"삼성전자,반도체‘전과정평가’ 검증 완료…“탄소중립 달성 기여”",3
"삼성전자,반도체사업 탄소중립 위해 '전 과정 평가' 3자 검증 완료",3
"삼성전자,반도체사업의 탄소배출 '전과정평가' 체계 구축",3
"삼성전자,반도체업계 최초 `물사용량 저감` 인증",3
"삼성전자,반도체업계 최초 `물사용량 저감` 인증",3
"삼성전자,반도체업계 최초 `물사용량 저감` 인증",3
"삼성전자,반도체업계 최초 ‘물사용량 저감’ 인증",3
"삼성전자,반도체업계 최초 ‘물사용량 저감’ 인증",3
"삼성전자,반도체업계 최초 ‘물사용량 저감’ 인증",3
"삼성전자,반도체업계 최초 '물사용량 저감' 인증",3
"삼성전자,반도체업계 최초 '물사용량 저감' 인증",3
"삼성전자,반도체업계 최초 '물사용량 저감' 인증",3
"삼성전자,반도체업계 최초 '물사용량 저감' 인증",3
"삼성전자,반도체업계 최초 '물사용량 저감' 인증",3
"삼성전자,반도체업계 최초 '물사용량 저감' 인증",3
"삼성전자,반도체업계 최초 '물사용량 저감' 인증",3
"삼성전자,반도체업계 최초 '물사용량 저감' 인증",3
"삼성전자,반도체업계 최초 '물사용량 저감' 인증",3
"삼성전자,반도체업계 최초 '물사용량 저감' 인증",3
"삼성전자,반도체업계 최초 '물사용량 저감' 인증…""지난해 104만톤 절감""",3
"삼성전자,반도체업계 최초물사용량 저감 사업장 됐다",3
"삼성전자,반도체업계 최초물사용량 저감 사업장 됐다",3
"삼성전자,반도체탄소 배출 '전과정평가' 체계 구축",3
"삼성전자,반도체탄소배출 ‘전과정평가’ 검증",3
"삼성전자,반도체탄소배출 ‘전과정평가’ 검증 완료",3
"삼성전자,반도체탄소배출 ‘전과정평가’ 검증 완료",3
"삼성전자,반도체탄소배출 ‘전과정평가’ 검증 완료",3
"삼성전자,반도체탄소배출 ‘전과정평가’ 검증 완료",3
"삼성전자,반도체탄소배출 ‘전과정평가’ 검증 완료",3
"삼성전자,반도체탄소배출 ‘전과정평가’ 검증 완료",3
"삼성전자,반도체탄소배출 ‘전과정평가’ 검증 완료",3
"삼성전자,반도체탄소배출 ‘전과정평가’ 검증 완료",3
"삼성전자,반도체탄소배출 ‘전과정평가’ 제3자 검증 완료",3
"삼성전자,반도체탄소배출 ‘전과정평가’ 제3자 검증 완료",3
"삼성전자,반도체탄소배출 ‘전과정평가’ 제3자 검증 완료",3
"삼성전자,반도체탄소배출 ‘전과정평가’ 제3자 검증 완료",3
"삼성전자,반도체탄소배출 ‘전과정평가’ 제3자 검증 완료",3
"삼성전자,반도체탄소배출 ‘전과정평가’ 제3자 검증 완료",3
"삼성전자,반도체탄소배출 ‘전과정평가’ 제3자 검증 완료",3
"삼성전자,반도체탄소배출 ‘전과정평가’ 제3자 검증 완료",3
"삼성전자,반도체탄소배출 ‘전과정평가’ 제3자 검증 완료",3
"삼성전자,반도체탄소배출 ‘전과정평가’ 체계 구축",3
"삼성전자,반도체탄소배출 ‘전과정평가’ 체계 구축…탄소중립 속도",3
"삼성전자,반도체탄소배출 ‘전과정평가’ 체계 구축…탄소중립 속도",3
"삼성전자,반도체탄소배출 ‘전과정평가’ 체계 구축…탄소중립 속도",3
"삼성전자,반도체탄소배출 ‘전과정평가’ 체계 구축…탄소중립 속도",3
"삼성전자,반도체탄소배출 ‘전과정평가’ 체계 구축…탄소중립 속도",3
"삼성전자,반도체탄소배출 ‘전과정평가’ 체계 구축…탄소중립 속도",3
"삼성전자,반도체탄소배출 ‘전과정평가’ 체계 구축…탄소중립 속도",3
"삼성전자,반도체탄소배출 ‘전과정평가’ 체계 구축…탄소중립 속도",3
"삼성전자,반도체탄소배출 ‘전과정평가’검증 완료",3
"삼성전자,반도체탄소배출 산출 '전과정평가' 체계 구축",3
"삼성전자,반도체탄소배출 영향 산출 ‘전과정평가’ 체계 구축",3
"삼성전자,반도체탄소배출 영향 산출 '전과정평가' 구축",3
"삼성전자,반도체탄소배출 영향 산출 '전과정평가' 구축",3
"삼성전자,반도체탄소배출 영향 산출 '전과정평가' 구축",3
"삼성전자,반도체탄소배출 영향 산출 '전과정평가' 구축",3
"삼성전자,반도체탄소배출 영향 산출...제품 ‘전과정평가’ 구축",3
"삼성전자,반도체탄소배출 영향 산출...제품 ‘전과정평가’ 구축",3
"삼성전자,반도체탄소배출 '전과정 평가' 검증 완료",3
"삼성전자,반도체탄소배출 '전과정평가' 검증 끝내",3
"삼성전자,반도체탄소배출 '전과정평가' 검증 끝내",3
"삼성전자,반도체탄소배출 '전과정평가' 검증 완료",3
"삼성전자,반도체탄소배출 '전과정평가' 검증 완료",3
"삼성전자,반도체탄소배출 '전과정평가' 검증 완료",3
"삼성전자,반도체탄소배출 '전과정평가' 검증 완료",3
"삼성전자,반도체탄소배출 '전과정평가' 검증 완료",3
"삼성전자,반도체탄소배출 '전과정평가' 검증 완료",3
"삼성전자,반도체탄소배출 '전과정평가' 검증 완료",3
"삼성전자,반도체탄소배출 '전과정평가' 검증 완료",3
"삼성전자,반도체탄소배출 '전과정평가' 검증 완료",3
"삼성전자,반도체탄소배출 '전과정평가' 검증 완료",3
"삼성전자,반도체탄소배출 '전과정평가' 검증 완료",3
"삼성전자,반도체탄소배출 '전과정평가' 검증 완료",3
"삼성전자,반도체탄소배출 '전과정평가' 검증 완료",3
"삼성전자,반도체탄소배출 '전과정평가' 검증 완료",3
"삼성전자,반도체탄소배출 '전과정평가' 검증 완료",3
"삼성전자,반도체탄소배출 '전과정평가' 검증 완료",3
"삼성전자,반도체탄소배출 '전과정평가' 검증 완료",3
"삼성전자,반도체탄소배출 '전과정평가' 검증 완료",3
"삼성전자,반도체탄소배출 '전과정평가' 검증 완료",3
"삼성전자,반도체탄소배출 '전과정평가' 검증 완료",3
"삼성전자,반도체탄소배출 '전과정평가' 검증 완료",3
"삼성전자,반도체탄소배출 '전과정평가' 검증 완료",3
"삼성전자,반도체탄소배출 '전과정평가' 검증 완료",3
"삼성전자,반도체탄소배출 '전과정평가' 검증 완료",3
"삼성전자,반도체탄소배출 '전과정평가' 검증 완료",3
"삼성전자,반도체탄소배출 '전과정평가' 검증 완료",3
"삼성전자,반도체탄소배출 '전과정평가' 검증 완료",3
"삼성전자,반도체탄소배출 '전과정평가' 검증 완료",3
"삼성전자,반도체탄소배출 '전과정평가' 검증 완료",3
"삼성전자,반도체탄소배출 '전과정평가' 검증… 기후위기극복 동참",3
"삼성전자,반도체탄소배출 '전과정평가' 검증…""고객 신뢰""",3
"삼성전자,반도체탄소배출 '전과정평가' 검증…""고객 신뢰""",3
"삼성전자,반도체탄소배출 '전과정평가' 검증…""고객 신뢰""",3
"삼성전자,반도체탄소배출 '전과정평가' 검증…""고객 신뢰""",3
"삼성전자,반도체탄소배출 '전과정평가' 검증…""고객 신뢰""",3
"삼성전자,반도체탄소배출 '전과정평가' 검증…""고객 신뢰""",3
"삼성전자,반도체탄소배출 '전과정평가' 검증…""고객 신뢰""",3
"삼성전자,반도체탄소배출 '전과정평가' 검증…""고객 신뢰""",3
"삼성전자,반도체탄소배출 '전과정평가' 검증완료",3
"삼성전자,반도체탄소배출 '전과정평가' 제3자 검증 완료",3
"삼성전자,반도체탄소배출 평가 체계 검증",3
"삼성전자,반도체탄소배출 평가 체계 검증",3
"삼성전자,반도체탄소배출 평가 체계 검증",3
"삼성전자,반도체탄소배출 평가 체계 검증",3
"삼성전자,반도체탄소배출 평가 체계 검증",3
"삼성전자,반도체탄소배출 평가 체계 검증",3
"삼성전자,반도체탄소배출 평가 체계 검증",3
"삼성전자,반도체탄소배출 평가 체계 검증",3
"삼성전자,반도체탄소배출량 산출 '전과정평가' 검증 완료",3
"삼성전자,반도체탄소배출량 산출 체계 검증 완료",3
"삼성전자,반도체탄소배출량 산출 체계 검증 완료",3
"삼성전자,반도체탄소배출량 산출 체계 검증 완료",3
"삼성전자,반도체필수요소 ‘물’ 국제수자원관리동맹 최고 등급 인증",3
"삼성전자,삼성닷컴에 '펫 케어 스토어' 오픈 外",1
"삼성전자,삼성닷컴에 '펫 케어 스토어' 오픈 外",2
"삼성전자,삼성디스플레이로부터 20조원 차입...반도체투자 이어간다",3
"삼성전자,삼성디스플레이로부터 20조원 차입...반도체투자 이어간다",3
"삼성전자,에너지1등급 이상의 초고효율 모델 57개 도입…비스포크 신제품 출...",2
"삼성전자,에너지1등급 이상의 초고효율 모델 57개 도입…비스포크 신제품 출...",2
"삼성전자,에너지1등급 이상의 초고효율 모델 57개 도입…비스포크 신제품 출...",2
"삼성전자,에너지1등급 이상의 초고효율 모델 57개 도입…비스포크 신제품 출...",2
"삼성전자,에너지1등급 이상의 초고효율 모델 57개 도입…비스포크 신제품 출...",2
"삼성전자,에너지1등급 이상의 초고효율 모델 57개 도입…비스포크 신제품 출...",2
"삼성전자,에너지1등급 이상의 초고효율 모델 57개 도입…비스포크 신제품 출...",2
"삼성전자,에너지효율 대폭 높인 2023년형 비스포크 가전 신제품 라인업 공개",2
"삼성전자,에너지효율 대폭 높인 2023년형 비스포크 가전 신제품 라인업 공개",2
"삼성전자,에너지효율 대폭 높인 2023년형 비스포크 가전 신제품 라인업 공개",2
"삼성전자,에너지효율 대폭 높인 2023년형 비스포크 가전 신제품 라인업 공개",2
"삼성전자,에너지효율 대폭 높인 2023년형 비스포크 가전 신제품 라인업 공개",2
"삼성전자,탄소중립 기술 개발 '잰걸음'",1
"삼성전자,탄소중립 위한 재생에너지 기술 개발",1
"삼성전자,탄소중립 위한 재생에너지 기술 개발 추진",1
"삼성전자,특허권침해로 美 법원서 4000억원 대 배상 배심원 평결",8
"삼성전자,특허권침해로 애플에 1330억원 손해배상",8
삼성전자‘12나노 D램’ 첫 양산…데이터센터-AI 시장 공략 가속,1
삼성전자‘반도체 백혈병’ 공식 사과…재계 직업병 보상 확산하나,4
"삼성전자‘비스포크’, 초고효율·초연결성 강화",2
"삼성전자‘비스포크’, 초고효율·초연결성 강화",2
삼성전자“백혈병노동자·유족에 사과…합당한 보상”,4
삼성전자“탄소중립 속도”…반도체탄소배출 ‘전과정평가’ 체계 구축,3
삼성전자“탄소중립 속도”…반도체탄소배출 ‘전과정평가’ 체계 구축,3
"삼성전자·SK하이닉스, 두뇌 품은 초고속 메모리 개발 속도",6
"삼성전자·TSMC, 특허침해 의혹에 美 ITC 조사 받는다…“관세법 337조 위반”",8
"삼성전자·보다폰, 美 마벨과 맞손…5G 오픈랜 동맹 구축",6
"삼성전자·삼성SDI, '기후산업국제박람회'서 지속 가능한 일상 제안",1
"삼성전자·인텔·퀄컴, 올해 반도체 칩 설계 AI에 3억 달러 투자",6
"삼성전자·포스코 등 11개사, 하청업체 사망사고 많다",4
삼성전자·포스코·현대제철 등 11개사는 '하청사 죽음의 공장',4
"삼성전자·하이닉스, 美 법원서 ""일부특허권침해""",8
"삼성전자·한국에너지기술연구원, 통합 '재생에너지솔루션' 기술개발 맞손",2
"삼성전자·한국에너지기술연구원, 통합 '재생에너지솔루션' 기술개발 맞손",2
"삼성전자·화웨이, 법적공방 멈추고 '특허 공유' 협상",8
삼성전자1호 女사장 이영희는 누구?,5
삼성전자1호 女사장 이영희는 누구?,5
삼성전자1호 女사장 이영희는 누구?,5
삼성전자2022년 4분기 실적발표 컨퍼런스콜 전문,2
삼성전자2022년 4분기 실적발표 컨퍼런스콜 전문,6
"삼성전자2023년 사장단 인사 단행, 과감한 '기술인재' 발탁... 사장승진 7명...",5
"삼성전자20대 여성노동자, 또 사망하다",4
삼성전자2배 빠른 ‘2세대 스마트SSD’ 개발…메모리반도체 ‘초격차’ 잇는...,6
삼성전자2배 빠른 ‘2세대 스마트SSD’ 개발…메모리반도체 ‘초격차’ 잇는...,6
삼성전자2배 빠른 ‘2세대 스마트SSD’ 개발…메모리반도체 ‘초격차’ 잇는...,6
삼성전자2배 빠른 ‘2세대 스마트SSD’ 개발…메모리반도체 ‘초격차’ 잇는...,6
삼성전자2배 빠른 ‘2세대 스마트SSD’ 개발…메모리반도체 ‘초격차’ 잇는...,6
삼성전자2배 빠른 ‘2세대 스마트SSD’ 개발…메모리반도체 ‘초격차’ 잇는...,6
삼성전자2배 빠른 ‘2세대 스마트SSD’ 개발…메모리반도체 ‘초격차’ 잇는...,6
"삼성전자AP 엑시노스 공백에 타격 컸다, 전담팀 꾸려 '부활 프로젝트' 추진 ...",5
삼성전자CO₂누출사고 원인삼성-하청업체 진술 엇갈린다,4
"삼성전자LCD 생산라인 뇌종양 근로자, 10년 만에 산재 인정",4
삼성전자LCD 직업병 '첫 산재 인정'의 의미,4
"삼성전자LCD노동자다발성 경화증, 항소심서 산업재해로 인정",4
"삼성전자-LG전자, 미국 환경청 '에너지스타' 나란히 선정",2
"삼성전자-LG전자, 미국 환경청 '에너지스타' 나란히 선정",2
삼성전자-LG전자'반려동물-식물' 관련사업 확대,1
삼성전자-LG전자'반려동물-식물' 관련사업 확대,1
삼성전자-LG전자'반려동물-식물' 관련사업 확대,1
삼성전자-LG전자'실효성' 중점 ESG사업 추진,2
"삼성전자-SK하이닉스, 최첨단 D램 주도권 강화",1
삼성전자vs 화웨이소송전의 행방은?,8
삼성전자가 ‘영업비밀’이란 신화 뒤에 숨긴 진실은 무엇일까,4
"삼성전자가 기후위기 외면?···""온실가스 다량 배출하지만 개선 노력 미흡""",2
"삼성전자가 기후위기 외면?···""온실가스 다량 배출하지만 개선 노력 미흡""",2
삼성전자가 세운 새로운 환경경영전략은?,2
삼성전자가 세운 새로운 환경경영전략은?,3
삼성전자가글로벌사업서 사장 승진자 대거 배출한 이유,5
"삼성전자가스 누출 사망자, 2명으로 늘어",4
삼성전자'갤럭시S22' 성능 30% ↑…차기제품도 'UP',6
삼성전자'갤럭시S22' 성능 30% ↑…차기제품도 'UP',6
삼성전자'갤럭시S22' 성능 30% ↑…차기제품도 'UP',6
삼성전자경력직 문턱 낮아진다…기존 직원 '술렁',5
"삼성전자-공정위 걸고넘어진 퀄컴, 불복소송논란 내막",8
삼성전자광주 협력사 공장서노동자사망…중대재해법 조사 착수,4
삼성전자광주 협력사노동자사망...1.8t 코일에 깔려,4
"삼성전자광주사업장, 산재은폐 우려 여전…직원 10명 중 8명 '인사상 불이익...",4
"삼성전자광주사업장, 산재은폐 우려 여전…직원 10명 중 8명 '인사상 불이익...",4
삼성전자'국제수자원관리동맹' 최고 등급인 '플래티넘' 인증 획득,3
"삼성전자기술에 '스토리' 입힌 그녀, 첫 女사장 됐다",5
"삼성전자기술에 '스토리' 입힌 그녀, 첫 女사장 됐다",5
삼성전자기흥사업장·협력업체 등 3곳 압수수색,4
삼성전자난소암 산재노동자의 명복을 빕니다,4
삼성전자넘어 수익 1위…'정주영의 현대' 떠오르는 정의선 리더십,5
"삼성전자노조, 집단 산업재해 보상 첫 신청",4
"삼성전자다발성경화증 직업병 피해자, 항소심에서도 산재 인정",4
삼성전자러시아 내 스마트폰 판매금지 기각 확정,8
삼성전자메모리-AI프로세서결합기술…또 하나의 세계 최초,6
삼성전자메모리-AI프로세서결합기술…또 하나의 세계 최초,6
삼성전자美 반도체 M&A 전문가 전격영입,5
"삼성전자미국에서 특허침해소송당해, 무역위원회 조사 개시",8
"삼성전자미국에서 특허침해소송당해, 무역위원회 조사 개시",8
삼성전자美서 모바일 특허 침해 잇따른 피소 왜?...미국 시장의 견제 혹은 내...,8
삼성전자반도체 D램 또 한번 진화…DDR5 개발,6
삼성전자'반도체 백혈병' 10년 분쟁 끝...오늘 합의서 서명,4
삼성전자반도체사업장 1년간 살펴본 옴부즈만위원회…25차례 기흥·수원 찾아,4
삼성전자반도체에 AI엔진 세계 첫 탑재,6
삼성전자반도체에 AI엔진 탑재,6
삼성전자반도체에 AI엔진 탑재,6
삼성전자반도체에 AI엔진 탑재,6
삼성전자반도체에 AI엔진 탑재,6
삼성전자반도체에 AI엔진 탑재,6
삼성전자반세기 이끈 이병철-이건희-이재용의 '같지만 다른 경영스타일',5
삼성전자반세기 이끈 이병철-이건희-이재용의 '같지만 다른 경영스타일',5
삼성전자반세기 이끈 이병철-이건희-이재용의 '같지만 다른 경영스타일',5
"삼성전자-반올림, 11년만에 피해보상 합의 본격화",4
"삼성전자백혈병 사망노동자, 항소심도 '산업재해' 인정",4
삼성전자백혈병 사망노동자항소심서도 산재 인정,4
삼성전자베트남 협력사에서 메탄올 중독···“현지 공안 ‘납품사기’ 수사...,4
삼성전자불산사고 유해법 위반 드러나,4
삼성전자사장단 인사…'기술 중시' 경영철학 빛났다,5
"삼성전자새 DDR5 놀랍네...""전력 13% 낮추고 성능은 2배""",6
"삼성전자새 DDR5 놀랍네...""전력 13% 낮추고 성능은 2배""",6
"삼성전자새 DDR5 놀랍네...""전력 13% 낮추고 성능은 2배""",6
삼성전자'성과주의' 사장단 인사…이재용이 점찍은 '5G·반도체' 힘 실어줬다,5
"삼성전자'아재폰' 탈출 프로젝트 시동, 노태문 애플 잡을 '명품' 만든다",5
"삼성전자-애플간 3년간특허권싸움… 공정위,삼성손 들어줬다",8
삼성전자에 척척 붙고 일본 IT 기업이 모셔가는 영진전문대의 비결은?,5
"삼성전자-에기연, '탄소중립' 위한재생에너지기술 공동 개발",2
"삼성전자-에너지기술연구원,재생에너지통합관리 솔루션 개발 나선다",2
"삼성전자-에너지기술연구원,재생에너지통합관리 솔루션 개발 나선다",2
"삼성전자연구원, 회사 상대로 2억원 특허 보상청구소송제기",8
"삼성전자연구원, 회사 상대특허권 소송일부 승소",8
삼성전자와 언론은 수달에게 부끄럽지도 않나,4
삼성전자와 언론은 수달에게 부끄럽지도 않나,4
"삼성전자'원년' 삼은 로봇...주요기업, 시장 공략 '분주'",5
삼성전자의 끝없는인재영입...AI·빅데이터 권위자영입,5
"삼성전자의 뒤늦은 사과, 영억이익 15조원의 그늘",4
"삼성전자의 힘겨운 TSMC 따라잡기, 바보야 문제는?",6
"삼성전자이산화탄소 누출사고, 사망자 2명으로 증가…대책위 출범",4
"삼성전자이산화탄소 누출사고, '축소?은폐 의혹' 제기도…",4
"삼성전자잇단 산재, 글로벌기업 '무색'",4
삼성전자작년 4분기 영업익 4조3061억원…전년대비 68.9% 감소,2
"삼성전자前 임원 특허소송, 영업비밀 침해 두고 '논란'",8
"삼성전자전장사업 확대, 이재용 차량용 반도체기업 인수로 퍼즐 맞출까",5
"삼성전자전장사업 확대, 이재용 차량용 반도체기업 인수로 퍼즐 맞출까",5
삼성전자주총… 한종희 ”주주가치 재고 위해 노력 중”,3
삼성전자주총… 한종희 ”주주가치 재고 위해 노력 중”,3
삼성전자中企 고도화 '스마트공장 3.0' 시작···3년간 300억 투입,1
"삼성전자직업병 보상? 7개 질병만, 협력업체 직원도 제외",4
"삼성전자차량용 이미지센서 고객 확보 힘 줘, 박용인 자율주행 본격화 대비",5
삼성전자첫 여성 사장 나왔다..JY '뉴삼성' 비전 구체화(종합),5
삼성전자첫 여성 사장 이영희...이재용 회장 후 첫 인사 ‘금녀 벽’ 깨다,5
삼성전자첫 여성 사장 탄생…갤럭시 마케팅 이끈 이영희,5
삼성전자첫 여성 사장은 갤럭시 이야기 만든글로벌마케팅전문가,5
삼성전자초고속 성장 기대되는 AI메모리반도체 선점 나섰다,6
"삼성전자최선단 12나노급 D램 양산, 전 세대보다 소비전력 23% 개선",1
삼성전자탄소배출 '전과정평가' 완료,3
삼성전자'탄소중립' 박차…재생에너지기술 개발 나선다,2
삼성전자'탄소중립' 박차…재생에너지기술 개발 나선다,2
삼성전자'평택캠퍼스 그린동' 첫 공개,3
삼성전자하청공장에서 벌어진 상상초월의 산업재해,4
"삼성전자하청업체 20대 파견노동자, 메틸알코올 급성중독으로 실명위기",4
삼성전자하청업체 두 명 또 '메탄올 중독 실명',4
삼성전자하청업체 메탄올 중독 추가 피해자 발생,4
"삼성전자-한국에너지기술연구원, 탄소중립 위한재생에너지기술 공동개발",2
"삼성전자-한국에너지기술연구원,재생에너지기술 개발 맞손",2
"삼성전자한종희 부회장 ""초고효율·초연결성 강화한 비스포크, 50% 성장 목표...",2
삼성전자협력업체 20대노동자사망…경찰·노동청 본격 수사,4
삼성전자협력업체서 20대노동자사망…1.8톤 철판롤에 깔려(종합),4
"삼성전자화성캠퍼스, '국제수자원관리동맹' 최고 등급 인증 획득",3
"삼성전자화성캠퍼스, 英 친환경 기관서 '물사용량 저감' 인증 받아",3
삼성-직업병 피해자 11년 간의 갈등 종지부…하지만 숙제도,4
삼성직업병 협상 2차 조정 각측 발언 전문,4
"삼성청소노동자""화학물질 노출돼 암 걸려""…집단 산재신청",4
"삼성청소노동자""화학물질 노출돼 암 걸려""…집단 산재신청",4
"삼성청소노동자""화학물질 노출돼 암 걸려""…집단 산재신청",4
삼성최선단 12나노급 D램 양산,1
"삼성클린룸 청소노동자, 집단 산재신청 ""화학물질 노출돼 암 걸려""",4
"삼성클린룸 청소노동자, 집단 산재신청 ""화학물질 노출돼 암 걸려""",4
"삼성클린룸 청소노동자, 집단 산재신청 ""화학물질 노출돼 암 걸려""",4
"삼성'특허 리스크' 확대되나…에릭슨, 추가소송제기",8
"삼성'특허 리스크' 확대되나…에릭슨, 추가소송제기",8
삼성평택공장 숨진노동자'투입 전안전교육'했나,4
삼성협력사 사망사고가 엊그제인데...' 광주전남서 끊이지 않는 산업체안전...,4
삼성휴대폰 부품 납품공장서 ‘메탄올 실명’노동자2명 또 확인,4
"삼성ㆍLG, ‘기후산업국제박람회’ 참가...탄소중립 제품 대거 전시",2
상생경영에 진심인삼성전자...이재용 회장의 '동행 철학' 꽃 피울까?,1
새해 코스피 3000시대 `활짝`…주목해야 할 주식은 무엇?,7
새해 코스피 3000시대 `활짝`…주목해야 할 주식은 무엇?,7
"서른여섯살에 난소암 사망삼성반도체노동자, 법원 첫 산재 인정… 반올림 “...",4
서울고법 ‘삼성반도체노동자다발성경화증은 산재’ 첫 판결,4
서울고법 ‘삼성반도체노동자다발성경화증은 산재’ 첫 판결,4
"서울대 융합과학기술대학원, 학생삼성전자휴먼테크논문대상 금상 수상",6
"서울대 융합과학기술대학원, 학생삼성전자휴먼테크논문대상 금상 수상",6
"서울대 융합과학기술대학원, 학생삼성전자휴먼테크논문대상 금상 수상",6
"서울대 융합과학기술대학원, 학생삼성전자휴먼테크논문대상 금상 수상",6
"서울대 융합과학기술대학원, 학생삼성전자휴먼테크논문대상 금상 수상",6
"서울대 융합과학기술대학원, 학생삼성전자휴먼테크논문대상 금상 수상",6
"서울대 융합과학기술대학원, 학생삼성전자휴먼테크논문대상 금상 수상",6
"서울대·KAIST ""탄소중립 C테크 인재 함께 키운다""",1
"서울대·KAIST, 19일탄소중립 공동포럼 개최",1
"서울대·KAIST, 19일탄소중립 공동포럼 개최",1
성공 노하우 밝힌삼성전자...“우리 위기 극복 비결은”,3
성공 노하우 밝힌삼성전자...“우리 위기 극복 비결은”,3
성공 노하우 밝힌삼성전자...“우리 위기 극복 비결은”,3
세계 물의 날' 국내 기업들 '물사랑' 행보 눈길,3
세계 물의 날' 국내 기업들 '물사랑' 행보 눈길,3
"세스코?위니아, '삼성신동훈?김혁표 전 CEO'영입",5
소득 4만불 선진국' 도약위해 중견기업 키우자,7
"속도·효율·용량 업계 1등…삼성전자, DDR5 메모리 개발",6
수원 '물순환 도시' 우뚝...삼성전자 반도체생산용 하루 28만톤 공급,3
수원 '물순환 도시' 우뚝...삼성전자 반도체생산용 하루 28만톤 공급,3
수원 '물순환 도시' 우뚝...삼성전자 반도체생산용 하루 28만톤 공급,3
수원 '물순환 도시' 우뚝...삼성전자 반도체생산용 하루 28만톤 공급,3
"수원지법, ""국내에 등록되지 않은특허권의 사용대가에 대한 사용료 소득은 국...",8
"水자원을 지켜라…삼성전자·SK하이닉스, 기후위기 대응전략은?",3
"水자원을 지켜라…삼성전자·SK하이닉스, 기후위기 대응전략은?",3
"水자원을 지켜라…삼성전자·SK하이닉스, 기후위기 대응전략은?",3
수출강국 이끈 ‘글로벌 전사’ 종합상사,7
수출대금 달러 받기前 판다,7
수출입 제조˙물류기업 'AEO 인증' 혼란 가중,7
수출입 제조˙물류기업 'AEO 인증' 혼란 가중,7
슈퍼리치가 탐내는 자산배분펀드,7
슈퍼리치가 탐내는 자산배분펀드,7
"스마트공장' 中企 600여곳,삼성의 'AI+데이터 기술'까지 장착한다",1
"시민단체 ""삼성의 화학물질 누출 사망 반복..안전관리소홀 증명한 셈""",4
"시민단체,삼성전자기흥사업장 이산화탄소 누출 사건 책임자 처벌 고발장 접...",4
"시민단체,삼성전자기흥사업장 이산화탄소 누출 사건 책임자 처벌 고발장 접...",4
시장 선도株가 안전판...오바마 랠리 기대도,7
신동빈 회장 '새로운 롯데' 위한 쇄신...40대 CEO·외부 전문가영입,5
신동빈 회장 '새로운 롯데' 위한 쇄신...40대 CEO·외부 전문가영입,5
실내온도 26도·소등·플러그 뽑기… 3개만 실천해도 월 전기료 7790원 절약[...,2
"실적 악화'삼성전자, 미국·유럽서 분위기 반전 노린다",2
"실적 좋아도 나빠도 추락…""물타기 하지 말라"" 개미들에 조언",7
"아들 남겨둔 채 스물아홉에 백혈병으로 죽은삼성노동자, 항소심서도 ‘산재...",4
"아마존·메타 나온 美우수인재,삼성리서치아메리카 오는 이유",5
아이 용돈으로 애플·테슬라·MS에 투자하신다고요? [부모탐구생활],7
안 다치는 게 이상한 가전 수리노동자,4
"안전보건공단, '삼성반도체 백혈병 기금' 절반 넘게 건물 매입에 사용",4
"애플, 국내 법원에삼성전자 특허권침해소송제기",8
"애플,삼성에특허권침해소송..국내서도 ‘맞불’",8
"애플,삼성에특허권침해소송..국내서도 ‘맞불’",8
"애플,삼성전자 특허권 소송맞대응",8
"애플,삼성전자와특허권분쟁 합의 고려",8
"애플,삼성전자와특허권분쟁 합의 고려",8
"약세장 피할 수 있는 우산은?...""은행주·보험주·배당주·원자재·달러 관심...",7
"어려울때는인재가 답'...삼성, 반도체 인력영입적극 나서",5
"어제의 적이 오늘의 동지…퀄컴, 1조 물고도삼성편 선 까닭",8
"업그레이드하는 이재용 '동행' 비전,삼성스마트공장 3.0 시작…지역 자생력...",1
업종간 희비속 추가하락대책 부심,7
"에릭슨,삼성전자에특허권침해소송제기",8
"에릭슨,특허권침해 관련삼성전자미 무역위에 제소",8
"엑시노스' 강화나선삼성전자,인재영입·글로벌파트너 협력 강화",5
"엠에프유 ""삼성전자갤럭시폴드, 자사특허권침해""...중소기업 기술분쟁 조정...",8
"엠에프유 ""삼성전자갤럭시폴드, 자사특허권침해""...중소기업 기술분쟁 조정...",8
"역대 최장 출장길 마친 이재용, 엔비디아 CEO와 무슨 얘기 나눴나",5
"연말연초, 유망주는 있는가?",7
연일 오르는 환율…영업이익 10% 증가 노리는 업종은?,7
"영업비밀 도용'도 추가 특허소송못 막았다...삼성전자전 센터장, 美법원에...",8
"오병권 경기도 행정1부지사, 용인반도체클러스터 산업단지 조성 현장 점검",3
"오병권 경기도 행정1부지사, 용인반도체클러스터 산업단지 조성 현장 점검",3
"오병권 경기도 행정1부지사, 용인반도체클러스터 산업단지 조성 현장 점검",3
"오병권 경기도 행정1부지사, 용인반도체클러스터 산업단지 조성 현장 점검",3
"오병권 행정1부지사, 용인반도체클러스터 산업단지 조성 현장 점검",3
"오병권 행정1부지사, 용인반도체클러스터 산업단지 조성 현장 점검",3
"오병권 행정1부지사, 용인반도체클러스터 산업단지 조성 현장 점검",3
온라인 마케팅 강화하는삼성전자···'버버리 혁신' 윌리엄 김영입추진,5
올 무역수지 19억달러 적자 예상,7
올 연간 무역수지 19억달러 '적자' 예상,7
올해 무역수지 19억달러 안팎 적자 전망,7
"옴부즈맨 위원회,전자산업안전보건환경 포럼 개최",4
외계인도 감탄한'삼성전자실리콘밸리 기술 심장 SRA·DSA 가보니,5
외계인도 감탄한'삼성전자실리콘밸리 기술 심장 SRA·DSA 가보니,5
"요기요, 애플 출신 잇따라영입…닻 올리는 이재용 ‘인재경영’",5
요즘 ‘핫’한 ‘슈퍼을’ 대표 사례는?,7
요즘 ‘핫’한 ‘슈퍼을’ 대표 사례는?,7
용균씨 어머니는 고개를 끄덕였다...“노동자와 시민을 죽게 만든 기업은 망하...,4
우영부도 2차협력사 후폭풍 우려,7
"원·달러 환율 1010원까지 하락 전망…전자업계 ""모니터링 강화""",7
"원·달러 환율 급락…산업계 ""수출 어쩌나"" 초비상",7
원·달러 환율=1000원 되면 제조업 영업이익률 5.7%→4.9%로 ‘뚝’,7
원달러환율 800원대 시대… 업계 대응책은,7
원달러환율 800원대 시대… 업계 대응책은,7
원화·원자재高에 반도체·車 등 직격탄,7
위기 속 ‘롯데’ 2023 임원인사…‘젊은 리더십·외부 전문가영입’ 변화 택...,5
위기 속 ‘롯데’ 2023 임원인사…‘젊은 리더십·외부 전문가영입’ 변화 택...,5
위험관리에 초점 맞춘 재테크…소비·환율수혜株로 선별 대응,7
이번엔 청소기 특허소송...삼성전자“다이슨에 가능한 법적조치 모두 취한다...,8
"이재갑 고용부 장관 ""도급인, 수급인노동자의안전·생명도 보호해야""",4
"이재갑 고용부 장관 ""도급인, 수급인노동자의안전·생명도 보호해야""",4
"이재갑 장관,삼성전자등 대기업 만나 '김용균법' 적극 협조 당부",4
"이재갑,삼성전자등 7대 제조업 만나 김용균법 협조 당부",4
"이재명 ""CO2 누출 사고는삼성의 오만 때문... 재발 막겠다""",4
"이재용 ‘원팀’ 건배사 하루만에…삼성, 중소기업 지원사업 시작",1
"이재용 ‘원팀’ 건배사 하루만에…삼성, 중소기업 지원사업 시작",1
이재용 “해외인재에 승부 걸어라”…GE·인텔·애플서 대거영입,5
이재용 “해외인재에 승부”…GE·인텔·애플서 대거영입[뒷북비즈],5
"이재용 22일간 美 출장 때, 엔비디아 구글 MS CEO 다 만났다",5
"이재용 '동행' 철학 담긴 CSR…삼성전자, '스마트공장 3.0' 시작",1
이재용 '동행 철학'…삼성'스마트공장 3.0' 시작,1
이재용 숙원 '시스템반도체'…퀄컴·TSMC서인재 영입박차,5
이재용 '인재경영' 속도…외부 경력직 문턱 낮췄다,5
이재용 회장 승진 후 첫삼성인사…‘글로벌경제 위기’ 돌파할 사령관들은...,5
"이재용 회장 취임 후 첫 사장단 인사...삼성전자, 사상 최초 여성 사장 배출",5
이재용 회장 취임 후 첫삼성전자사장단 인사...첫 여성 사장 탄생,5
"이재용 회장, D2C 비즈니스 강화… 강신봉 전 요기요 대표영입",5
"이재용 회장, 임원 수십명 교체?…삼성전자, 이번주 ‘인적 쇄신’ 인사 전망",5
이재용 회장의 100일…'기술·인재'로글로벌파고 넘는다,5
이재용 회장의 100일…'기술·인재'로글로벌파고 넘는다,5
이재용 회장의 첫삼성전자사장단 인사…직원들 반응은?,5
"이재용 회장이 직접 나선다…삼성, 중소지역 상생 ‘스마트공장 3.0’ 시작",1
"이재용 회장이 직접 나선다…삼성, 중소지역 상생 ‘스마트공장 3.0’ 시작",1
이재용 회장이 '취토' 권한 이유...0.02%삼성전자사장의 조건 [삼성연구],5
"이재용, 22일간의 美 출장 끝...누구 만났나 봤더니",5
"이재용, 머스크 첫 만남…삼성·테슬라 '반도체 동맹' 맺나",5
"이재용, 美서 20여개글로벌기업 CEO와 회동 마치고 귀국",5
"이재용, '세상을 바꿀인재' 잇단영입···""글로벌기술 역량 에릭슨·GE·...",5
"이재용,삼성전자 글로벌강화 위해인재적극영입",5
"이재용,삼성전자임직원에 '혁신' 주문했다",5
"이재용삼성전자회장, AI 등 신성장 동력 발굴…새 시대 연다 [2022 올해의 ...",5
"이재용삼성전자회장, 등기이사 복귀 미뤄… 사법리스크 여전히 발목",5
"이재용삼성전자회장, 등기이사 복귀 미뤄… 사법리스크 여전히 발목",5
"이재용삼성전자회장, 반도체·디자인·이커머스 등 숨가쁜 핵심인재 영입행...",5
"이재용삼성회장, 美 출장 마치고 귀국…22일간글로벌CEO 20여명 만나",5
이재용의 기술경영 “세상 바꿀인재모실 것”,5
이재용의 기술경영 “세상 바꿀인재모실 것”,5
"이재용의 '동행' 중기?지역…삼성, 성장하는 '스마트공장 3.0' 시작",1
"이재용의 동행…삼성전자, '스마트공장 3.0' 사업 시작",1
"이재용의 '원팀' 약속…삼성, 중소·지역 성장 돕는다",1
이재용의 '인재경영' 닻 올랐다,5
"이재용의삼성, 중기?지역 상생 힘 싣는다…'스마트공장 3.0' 시동",1
"이재용의삼성, 중기?지역 상생 힘 싣는다…'스마트공장 3.0' 시동",1
"이정미 ""이재용삼성부회장,노동자 안전은 뒷전… 최순실 지원과 달라""",4
"이정철 하이자산운용 대표 ""하우스 운용 목표는 자산배분 가치 제고""",7
"이종란-공유정옥 ""삼성·정부·언론과 싸운 반도체 피해자들의 11년"" [tbs 이...",4
"인간 두뇌 닮은 반도체삼성전자, 세계 첫 개발",6
"인간 두뇌 닮은 반도체삼성전자, 세계 첫 개발",6
"인간 두뇌 닮은 반도체삼성전자, 세계 첫 개발",6
인구소멸 지역 中企에 스마트공장…삼성이재용표 ‘상생 경영’ 가속화,1
인재 영입·공격적 M&A…로펌 ‘몸싸움’ 치열해졌다,5
인재 영입·공격적 M&A…로펌 ‘몸싸움’ 치열해졌다,5
인재 영입해 ‘금융형사팀’ 첫발… 10년 만에 업계 11위 성장,5
"인재가 미래차 경쟁력 좌우…영입경쟁 치열 [삼성·LG, 전장이 미래다 ③]",5
인재영입과 조직문화,5
인재진공청소기된 '롯데바이오로직스'…경쟁사·전통제약사 모두 사정권 포함...,5
일본 뚫어낸 이재용의 뚝심…삼성전자‘신바람’ 났네,5
일본 뚫어낸 이재용의 뚝심…삼성전자‘신바람’ 났네,5
일어탁수'혼탁장…노랑물고기 지치면 증시 깨끗해질까?,7
"日에 통합R&D센터 세운삼성전자, '일본공략' 나서나",5
입사 3개월 화일약품 청년노동자故김신영 씨의 발인은 언제?,4
잇단 악재 ''리스크관리'' 비상,7
자동차 산업의 대전환기: 장인정신의 반대말은 기업가정신이다.,7
자통법 모르면 자장면도 못먹는다?,7
"재계 ""예고된 美 금리인상...수출호재 vs 경기위축""",7
재계 로봇산업 생태계 구축 집중…공장부터 현장까지,4
재계 연말 인사 시즌 돌입...“미래인재양성·영입지속”,5
"재계, ‘기후산업국제박람회’ 총출동…탄소중립 실천 솔루션 제시",1
"재계, ‘기후산업국제박람회’ 총출동…탄소중립 실천 솔루션 제시",1
"재계, '기후산업국제박람회'서 탄소중립 신기술 선봬",2
"재계, 미국 금리 인상에 수출 타격 우려…대책 분주",7
"재계, 원화강세에 골머리…대책 마련 부심",7
"재계,인재확보로 경기 불안 정면 돌파 나선다",5
재발방지 대책 요구에 “이미 잘하고 있다”더니삼성반도체노동자또 백혈병...,4
재생에너지 혁신기술로 산업단지탄소중립 가속화한다,1
"재생에너지비중 OECD 꼴찌... 국내 기업, RE100 달성 불투명",2
"재생에너지비중 OECD 꼴찌... 국내 기업, RE100 달성 불투명",2
재생에너지빠진 K반도체 패권 한계,2
재생에너지빠진 K반도체 패권 한계,2
적이 동지로…‘브로드컴 갑질’ 분쟁서삼성편에 선 퀄컴,8
전기요금 꼭 올려야 하나요?[뉴스레터 점선면],2
전기차·수소트럭·탄소포집…기후산업박람회 신기술 경연장,1
전력 사용량 1위'삼성전자가반도체공정의 탄소배출량 계산에 공들이는 까...,3
전력 사용량 1위'삼성전자가반도체공정의 탄소배출량 계산에 공들이는 까...,3
전력 사용량 1위'삼성전자가반도체공정의 탄소배출량 계산에 공들이는 까...,3
전력 사용량 1위'삼성전자가반도체공정의 탄소배출량 계산에 공들이는 까...,3
전력 사용량 1위'삼성전자가반도체공정의 탄소배출량 계산에 공들이는 까...,3
전력 사용량 1위'삼성전자가반도체공정의 탄소배출량 계산에 공들이는 까...,3
전력 사용량 1위'삼성전자가반도체공정의 탄소배출량 계산에 공들이는 까...,3
전력 사용량 1위'삼성전자가반도체공정의 탄소배출량 계산에 공들이는 까...,3
"전자랜드, 미세먼지 황사 대비 '공기청정기' 3종 추천",1
"전자랜드, 미세먼지 황사 대비 '공기청정기' 3종 추천",1
"전자랜드, 봄철 공기 질 관리 도와주는 '공기청정기' 3종 추천",1
"전자랜드, 봄철 공기 질 관리 도와주는 '공기청정기' 3종 추천",1
"전자랜드, 봄철 공기 질 관리 도와주는 '공기청정기' 3종 추천",1
"전자랜드, 봄철 공기 질 관리 도와주는 '공기청정기' 3종 추천",1
"전자랜드, 봄철 공기 질 관리 비상...‘공기청정기’ 3종 추천",1
"전자랜드, 황사·미세먼지 시즌 대비한 공기청정기 3종 선보여",1
전자사장 절반이 '영입인재'…주력 신사업 진두지휘,5
전자산업 직업병 예방·보상 '시즌 2' 막 올랐다,4
절반은 못쓰는 폐플라스틱…제로웨이스트 '5R+α' 어때요,2
젊은인재·외부 전문가 대거 등용…롯데그룹 임원인사 단행,5
"정부, 산재사망자 800→400명 감축 목표 “위화력은 한계, 책임기반 자율안전...",4
"정의당, 근로복지公 이사장 후보삼성전자재직 들며 반대",4
제 96차 원내대책회의 모두발언,7
"조사 한계 인정한 옴부즈만위원회…삼성전자""후속조치 마련""",4
"조홍래 대표 “변동성 장에도 잃지 말자…로보어드바이저 뜨는 이유""",7
주가연계증권(ELS) 투자에 대한 모든 것,7
주식펀드 수익률 6주째 플러스 행진,7
주요 기업 새해 위기돌파 전략 '기술?도전·관계·고객·환경·인재',5
"中 화웨이,삼성전자상대특허권침해소송",8
"中 화웨이,삼성전자상대특허권침해소송",8
"中 화웨이,삼성전자상대특허권침해소송",8
중국 화웨이삼성전자상대로특허권침해소송,8
중국 화웨이삼성전자상대로특허권침해소송,8
중국 화웨이삼성전자상대로특허권침해소송,8
중국의 반격' 화웨이가삼성電에특허권침해소송거는 시대,8
中企 3곳 중 1곳 출혈 감수 '수출',7
"中企 지원에 진심인 이재용…삼성, 스마트공장 구축에 300억원 투자",1
中企 환변동보험 가입시 환수금 한시적 면제,7
中企 환변동보험 가입시 환수금 한시적 면제,7
"中企·지역 상생성장 도모…삼성, '스마트공장 3.0' 지원 사업 개시",1
중대재해처벌법 본격화에 긴장감 고조…안전관리강화 나선 재계,4
"中법원, 화웨이·샤오미 등 상대 美기업 지재권소송금지 명령",8
"中법원, 화웨이·샤오미 등 상대 美기업 지재권소송금지 명령",8
"증권사 6월 추천 펀드, 국내 주식형 위주로 복귀",7
증권사 VIP지점장들이 말하는 2011 투자전략,7
증시 ‘눈치게임’?...외국인·기관 2조 넘게 샀는데 나도 들어갈까,7
증시 변동성 커 중소형주관리필요,7
"지게차에 치여노동자사망...""다단계 하청 구조 탓""",4
"지경부 장관 ""연간 무역적자 19억달러""",7
"지한파' 벤자민 로 ASM CEO ""반도체 미래 장비…한국서만 생산"" [강경주의 I...",5
"진입도 관망도 어려운 연말 주식시장, ‘소수점 거래’ 활용한 적금형 주식 매...",7
車 반도체 공급난 내년까지…또 다른 악재 산재,7
천문학적소송비용 족쇄...글로벌 경쟁력 추락 우려,8
철제코일 깔려 숨진 광주 20대 청년노동자6일 만에 발인,4
"첫 산재 인정, SK하이닉스노동자들 '아픔' 치유되나",4
"첫발 뗀 반도체 아카데미, 정원 2배 몰려…""안전교육 보완 숙제""",4
"초격차 기술로 지속가능한 일상…삼성, 부산 '기후산업국제박람회'서삼성홍...",1
초일류' 명성 회복 나선삼성전자…인사 실험 성공할까,5
총수 이어 전문경영인도 숨가쁜 일본行…재계 '동분서주',7
"최태원 ""실제 탄소중립 위해선 파괴적 혁신 필요""",2
"최태원 ""실제탄소중립 위해선 파괴적 혁신 필요""",1
"최태원 ""실제탄소중립 위해선 파괴적 혁신 필요""",1
"최태원 ""실제탄소중립 위해선 파괴적 혁신 필요""",1
"최태원 ""탄소 감축이 곧 기업 경쟁력"" 3대 원칙 제시",2
"최태원 ""탄소감축, 파괴적 혁신 필요""...기후산업국제박람회 발걸음",1
"최태원 ""탄소감축이 곧 기업 경쟁력"" 3대 원칙 제시",1
"최태원 ""탄소줄이면 인센티브""…삼성·LG·SK 뭉친다(종합)",1
"최태원 ""탄소중립 골든크로스는 2060년...그 안에 기회 있다""",1
"최태원 ""탄소중립 골든크로스는 2060년...그 안에 기회 있다""",1
"최태원 ""탄소중립 골든크로스는 2060년...그 안에 기회 있다""",1
"추격 빨라진 초격차, 美는 투자 압박…삼성전자의 고민",6
"추격 빨라진 초격차, 美는 투자 압박…삼성전자의 고민",6
"취임 100일' 이재용 회장,삼성을 바꾸고 있다...""남은 건 미래성장동력""",5
치솟는 환율에 기업들 `화들짝`..`불확실성이 문제`,7
"치솟은 환율에…산업계 ‘난색’, 게임·웹툰 업계 ‘반색’",7
"친정에소송'삼성전자전 IP센터장, '소송참여' 자격 박탈",8
"코로나 여파…파생결합증권 발행액 20조↓, 증권사 손실 1조원",7
"코로나 여파…파생결합증권 발행액 20조↓, 증권사 손실 1조원",7
"코스피 3000까지 1.5%남았다… ""악재는 대부분 반영""",7
"코스피, 단기급등 부담에… 하반기 ‘속도조절’ 나서나",7
"코스피,반도체회복 기대 강보합…주간 코스닥 3% 하락",3
"퀄컴 손 들어준 미국 법원...삼성,LG 로열티 부담 커지나",8
퀄컴 '특허 갑질' 과징금 1조 철퇴…삼성이 마냥 웃을 수 없는 이유,8
퀄컴 '특허 갑질' 과징금 1조 철퇴…삼성이 마냥 웃을 수 없는 이유,8
"키움 히어로즈 김혜성ㆍ송성문, 국립암센터 소아암ㆍ호스피스병동 위문 外",7
"탄소저감 소재 개발에 미세플라스틱 줄이는 제품까지...산업계, 친환경 바람",1
탄소중립 신기술 경연장된 '기후산업박람회' ..... SMR·전기차·히트펌프·수...,1
"탄소중립' 향하는 기업들, '기후산업국제박람회' 총집결",2
탄소중립' 향한삼성전자…직접 재생에너지 기술 개발한다,1
탄소중립' 향한삼성전자…직접 재생에너지 기술 개발한다,1
탄소중립' 향한삼성전자…직접 재생에너지 기술 개발한다,1
"탄소중립 혁신기술 인재양성 포럼 개최…""인재가 절대적 필요""",1
"탄소중립 혁신기술 인재양성 포럼 개최…""인재가 절대적 필요""",1
"탄소중립, '수소차' 꿈틀...친환경 에너지원으로 재조명",1
"탄소중립, '수소차' 꿈틀...친환경 에너지원으로 재조명",1
"탄소중립, '수소차' 꿈틀...친환경 에너지원으로 재조명",1
탄소중립과 기후산업' 세계 경제 성장 아젠다로 제시,1
탄소중립과 기후산업' 세계 경제 성장 아젠다로 제시,2
탄소중립이 윤활유·원유·LNG라고? 그린워싱을 멈춰라[초록發光],1
"터치스크린 기술은 다 제 것? 유럽 특허괴물,삼성ㆍLG 등 무더기 제소",8
테슬라가 작성한 ‘리튬이온배터리(ESS) 비상대응지침’ 알아보기- Ⅰ,4
투자자라면 꼭 봐야 할 오늘의 10대 투자뉴스-25일,7
"특허 침해소송걸린삼성페이, 위기 넘길 수 있을까",8
"특허 침해소송걸린삼성페이, 위기 넘길 수 있을까",8
특허괴물 타깃된삼성…5년간 189건 피소,8
"특허권갑질' 퀄컴, 공정위 제재에 반발…삼성·LG전자""큰 영향 없어""",8
"특허권갑질' 퀄컴, 공정위 제재에 반발…삼성·LG전자""큰 영향 없어""",8
"특허권남용' 퀄컴, 1조 300억원대 과징금 확정",8
특허권이 있다면 반드시 자본화하여 활용할 것,8
특허권이 있다면 반드시 자본화하여 활용할 것,8
특허권이 있다면 반드시 자본화하여 활용할 것,8
"특허권침해'삼성에 승소한 이종호 장관 후보자…합의금은 ""대외비""",8
"특허법인 세림 | 설립 40년,삼성·현대 첨단 기술 지켜낸 조용한 强者",8
특허침해소송제기한 전직삼성맨은 왜 비난받는가,8
펀드 절반 코스피 수익률 밑돌고 수수료 미국 3배…“직접 투자한 후 2~3배 벌...,7
펀드 절반 코스피 수익률 밑돌고 수수료 미국 3배…“직접 투자한 후 2~3배 벌...,7
"평택비정규노동센터,삼성고덕 산단서 '노동안전' 선전전",4
"평택비정규노동센터,삼성고덕 산단서 '노동안전' 홍보 행사 개최",4
"포스코, RFID 읽는 갤럭시노트로 설비관리",7
포스코·삼성전자등 11곳 하청노동자사고사망 비중 높아,4
포스코·삼성전자등 11곳 하청노동자사고사망 비중 높아,4
포스코·삼성전자등 11곳 하청노동자사고사망 비중 높아,4
폭락증시 달라진 강남부자…공격적 투자에서위험 관리로,7
"풍원정밀, 스마트폰 부품 양산 본격화에 주가 14%↑ [마감 시황]",7
"퓨리오사AI, 인텔·WD 고위 임원영입...북미 사업 본격화",5
"퓨리오사AI, 인텔·WD 고위 임원영입...북미 사업 본격화",5
"퓨리오사AI, 인텔·WD 고위 임원영입...북미 사업 본격화",5
하늘 찌른 환율에 희비 갈린 산업계…車·반도체 웃고 항공 울고,7
"하드웨어 중심' 국내 로봇ETF, 해외와 차별화 '주목'",7
"하천물관리에 사활 건삼성전자""수자원 파괴땐반도체공장도 멈춘다""",3
"하천물관리에 사활 건삼성전자""수자원 파괴땐반도체공장도 멈춘다""",3
"하천물관리에 사활 건삼성전자""수자원 파괴땐반도체공장도 멈춘다""",3
하청노동자사고사망 비중 높은 사업장은?…고려아연ㆍ삼성디스플레이,4
하청노동자사고사망 비중이 높은 원청사업장 명단 공표,4
하청노동자사고사망 비중이 높은 원청사업장 명단 공표,4
韓 이통사의 슈퍼컴퓨터 굴기…SKT 이어 KT도글로벌50위권 이름 올려,5
韓 이통사의 슈퍼컴퓨터 굴기…SKT 이어 KT도글로벌50위권 이름 올려,5
한강 의대생'과 '평택항노동자'의 죽음,4
한강 의대생'과 '평택항노동자'의 죽음,4
"한국 OLED' 노린 특허괴물…삼성·LG, 美서 제소당해",8
"한국 위기 때마다 극복하게 해준 마법의 힘 수출, 그 마법이 풀리고 있다는 경...",7
"한국 위기 때마다 극복하게 해준 마법의 힘 수출, 그 마법이 풀리고 있다는 경...",7
"한국경제, 장·단기 非常 [이병도의 時代架橋]",7
한국재생에너지비중 8%...무슨 수로 RE100 하나?,2
한국재생에너지비중 8%...무슨 수로 RE100 하나?,2
한국재생에너지비중 8%...무슨 수로 RE100 하나?,2
한국재생에너지비중 8%...무슨 수로 RE100 하나?,2
한국재생에너지비중 8%...무슨 수로 RE100 하나?,2
한눈팔다 꼴찌... 일본반도체몰락이 준 교훈,3
한눈팔다 꼴찌... 일본반도체몰락이 준 교훈,3
한눈팔다 꼴찌... 일본반도체몰락이 준 교훈,3
한눈팔다 꼴찌... 일본반도체몰락이 준 교훈,3
한미 양국서 진행중인 LG화학-SK이노베이션 배터리소송결말은,8
한은 총재 “최종금리 3.75％ 만장일치…못 올릴 거라 생각하면 안돼”[일문일...,3
"한자리 모인 '삼성백혈병' 관계자들...삼성""보상하겠다""",4
"한종희삼성전자부회장 ""위기극복 비결 본질에 집중.... 기술 통해 새로운 가...",2
"한종희삼성전자부회장 ""위기극복 비결 본질에 집중.... 기술 통해 새로운 가...",2
"한종희삼성전자부회장 ""위기극복 비결 본질에 집중.... 기술 통해 새로운 가...",2
항공·석화 직격탄…수출주 반도체·자동차마저 울상 [환율 1300원시대],7
해외 반도체 기업들 감원 칼바람에도삼성·SK '인재유치전',5
해외소송쏟아져도…기업도 정부도 지재권·특허 언급 없어,8
해외소송쏟아져도…기업도 정부도 지재권·특허 언급 없어,8
혁신과 독점의 갈등을 보여준 퀄컴 판결,8
현대건설 윤영준 vs삼성물산 오세철...신임CEO의 반기 성적표는?,4
현대차그룹 임금동결 왜?,7
홍콩부자·한국부자 재테크 파일…홍콩 부자들 한국 국채 좋아해요,7
"화상 영어 서비스 '에피소든',삼성전자출신 김광섭 CTO영입",5
"화웨이,삼성전자상대특허권침해소송…짝퉁 대표회사가 왜?",8
"화웨이,삼성전자상대특허권침해소송…짝퉁 대표회사가 왜?",8
"화웨이,삼성전자상대특허권침해소송…짝퉁 대표회사가 왜?",8
"화웨이의삼성제소는 서막…중국 스마트폰 업계,특허권 소송쏟아진다",8
"화웨이의삼성제소는 서막…중국 스마트폰 업계,특허권 소송쏟아진다",8
환경관리부실 기업 대출시 불이익,7
환변동보험 수수료 40% 인하,7
환율 10원 떨어지면 현대차 매출 2천억 주는데...,7
환율 50원 하락하면…LG디스플레이 순익 95% 줄고 대한항공은 순익 80% 늘어나,7
환율 50원 하락하면삼성전자순이익 2조원 감소,7
환율 곤두박질…떨고있는 수출기업들,7
환율 급락…산업계 '급한弗'끈다,7
환율 급락…산업계 '급한弗'끈다,7
환율 어디까지 밀릴까? ‘예의주시’,7
"환율 하락, 수출中企 ''직격탄''",7
"환율 하락, 수출中企 ''직격탄''",7
"환율·원자재·전기료 '트리플 악재'…산업계 ""마른수건 짜야 할 판""",7
환율급등에 기업들 '걱정이 태산',7
환율급락 돌파구 찾아라!,7
"회장 취임 100일 이재용, 뉴삼성·민간외교관·JY '맹활약'",5
효율3배높인 차세대 서버용프로세서'IBM 파워10' 내년말 양산,6
